"","title","year","length","budget","rating","votes","mpaa","genre"
"1","Shawshank Redemption, The",1994,142,25,9.1,149494,"R","Drama"
"2","Lord of the Rings: The Return of the King, The",2003,251,94,9,103631,"PG-13","Action"
"3","Lord of the Rings: The Fellowship of the Ring, The",2001,208,93,8.8,157608,"PG-13","Action"
"4","Lord of the Rings: The Two Towers, The",2002,223,94,8.8,114797,"PG-13","Action"
"5","Pulp Fiction",1994,168,8,8.8,132745,"R","Drama"
"6","Schindler's List",1993,195,25,8.8,97667,"R","Drama"
"7","Star Wars",1977,125,11,8.8,134640,"PG","Action"
"8","Star Wars: Episode V - The Empire Strikes Back",1980,129,18,8.8,103706,"PG","Action"
"9","C'era una volta il West",1968,158,5,8.7,17241,"PG-13","Drama"
"10","Cidade de Deus",2002,135,3.3,8.7,25964,"R","Drama"
"11","Dr. Strangelove or: How I Learned to Stop Worrying and Love the Bomb",1964,93,1.8,8.7,63471,"PG","Comedy"
"12","Memento",2000,113,5,8.7,90317,"R","Drama"
"13","Eternal Sunshine of the Spotless Mind",2004,108,20,8.6,46240,"R","RomCom"
"14","American Beauty",1999,121,15,8.5,109991,"R","Drama"
"15","Apocalypse Now",1979,202,31.5,8.5,64785,"R","Action Drama"
"16","Boot, Das",1981,216,14,8.5,28920,"R","Drama"
"17","Fight Club",1999,139,63,8.5,112092,"R","Drama"
"18","Matrix, The",1999,136,63,8.5,143853,"R","Action"
"19","Pianist, The",2002,150,35,8.5,30467,"R","Drama"
"20","Taegukgi hwinalrimyeo",2004,140,12.8,8.5,1792,"R","Action Drama"
"21","American History X",1998,119,10,8.4,59677,"R","Drama"
"22","Requiem for a Dream",2000,102,4.5,8.4,47845,"R","Drama"
"23","Se7en",1995,127,30,8.4,88371,"R","Drama"
"24","Aliens",1986,154,18.5,8.3,63961,"R","Action"
"25","Amadeus",1984,180,18,8.3,36955,"R","Drama"
"26","Before Sunset",2004,80,10,8.3,8789,"R","Romance Drama"
"27","Braveheart",1995,177,53,8.3,92437,"R","Action Drama"
"28","Crash",2004,113,6.5,8.3,1660,"R","Drama"
"29","Donnie Darko",2001,133,4.5,8.3,51961,"R","Drama"
"30","Incredibles, The",2004,121,92,8.3,30749,"PG","Animated"
"31","Kill Bill: Vol. 1",2003,111,55,8.3,65026,"R","Action Drama"
"32","Kill Bill: Vol. 2",2004,136,30,8.3,44189,"R","Action Drama"
"33","Million Dollar Baby",2004,132,30,8.3,20195,"PG-13","Drama"
"34","Saving Private Ryan",1998,170,70,8.3,100267,"R","Action Drama"
"35","Sin City",2005,124,45.5,8.3,23473,"R","Action"
"36","Strangers on a Train",1951,103,1.2,8.3,10624,"PG","Drama"
"37","Adventures of Robin Hood, The",1938,102,1.9,8.2,7359,"PG","Action"
"38","Amores perros",2000,153,2,8.2,15079,"R","Drama"
"39","Fargo",1996,98,7,8.2,65597,"R","Drama"
"40","Festen",1998,105,1.3,8.2,11983,"R","Drama"
"41","Forrest Gump",1994,142,55,8.2,89722,"PG-13","Comedy Drama"
"42","Once Upon a Time in America",1984,227,30,8.2,19292,"R","Drama"
"43","Sixth Sense, The",1999,107,55,8.2,96987,"PG-13","Drama"
"44","Terminator 2: Judgment Day",1991,154,100,8.2,77614,"R","Action Drama"
"45","Wo hu cang long",2000,120,15,8.2,52198,"PG-13","Action"
"46","Big Fish",2003,125,70,8.1,31525,"PG-13","Comedy Drama"
"47","Garden State",2004,109,2.5,8.1,23814,"R","RomCom"
"48","Green Mile, The",1999,188,60,8.1,60142,"R","Drama"
"49","Star Wars: Episode VI - Return of the Jedi",1983,135,32.5,8.1,82471,"PG","Action"
"50","Station Agent, The",2003,88,0.5,8.1,7112,"R","Drama"
"51","Ying xiong",2002,93,30,8.1,24128,"PG-13","Action Drama"
"52","21 Grams",2003,124,20,8,21857,"R","Drama"
"53","Almost Famous",2000,162,60,8,38648,"R","Comedy Drama"
"54","Big Lebowski, The",1998,117,15,8,50179,"R","Comedy"
"55","Ed Wood",1994,127,18,8,22612,"R","Comedy Drama"
"56","Gladiator",2000,155,103,8,92495,"R","Action Drama"
"57","Insider, The",1999,157,68,8,28780,"R","Drama"
"58","Intruder, The",1962,84,0.08,8,163,"PG-13","Drama"
"59","Last Picture Show, The",1971,118,1.3,8,5340,"R","Drama"
"60","Lost in Translation",2003,102,4,8,42450,"R","Comedy Drama"
"61","Magnolia",1999,188,37,8,45992,"R","Drama"
"62","Mystic River",2003,137,30,8,28969,"R","Drama"
"63","Pirates of the Caribbean: The Curse of the Black Pearl",2003,143,125,8,60812,"PG-13","Action Comedy"
"64","Shrek",2001,90,60,8,65146,"PG","Animated"
"65","Sideways",2004,123,16,8,17051,"R","Comedy Drama"
"66","Trainspotting",1996,94,3.5,8,51887,"R","Drama"
"67","Adaptation.",2002,114,19,7.9,25140,"R","Comedy Drama"
"68","Clerks.",1994,92,0.23,7.9,39927,"R","Comedy Drama"
"69","Doctor Zhivago",1965,200,11,7.9,10283,"PG-13","Romance Drama"
"70","Gong fu",2004,99,20,7.9,5299,"R","Action Comedy"
"71","Heat",1995,188,60,7.9,44588,"R","Action Drama"
"72","Henry V",1989,137,9,7.9,8241,"PG-13","Action Drama"
"73","Invasions barbares, Les",2003,112,5,7.9,4900,"R","Comedy Drama"
"74","Iron Giant, The",1999,86,48,7.9,15151,"PG","Animated"
"75","Lashou shentan",1992,131,4.5,7.9,6568,"R","Action Drama"
"76","Last Samurai, The",2003,154,100,7.9,31668,"R","Action Drama"
"77","Mulholland Dr.",2001,147,15,7.9,35504,"R","Drama"
"78","Secrets & Lies",1996,136,4.5,7.9,7747,"R","Comedy Drama"
"79","Shaun of the Dead",2004,99,4,7.9,18685,"R","Comedy"
"80","Snatch.",2000,102,10,7.9,44785,"R","Comedy"
"81","Spider-Man 2",2004,127,200,7.9,40256,"PG-13","Action"
"82","Twelve Monkeys",1995,129,29,7.9,62301,"R","Drama"
"83","When Zachary Beaver Came to Town",2003,85,3,7.9,35,"PG","Drama"
"84","X2",2003,133,110,7.9,38191,"PG-13","Action"
"85","25th Hour",2002,135,15,7.8,15788,"R","Drama"
"86","Beautiful Mind, A",2001,135,60,7.8,43291,"PG-13","Drama"
"87","Casino",1995,176,52,7.8,27234,"R","Drama"
"88","E.T. the Extra-Terrestrial",1982,120,10.5,7.8,44175,"PG","Drama"
"89","Ghost World",2000,111,7,7.8,17976,"R","Comedy Drama"
"90","Good Will Hunting",1997,126,10,7.8,60858,"R","Drama"
"91","House of Sand and Fog",2003,126,16,7.8,8164,"R","Drama"
"92","In This World",2002,88,1.9,7.8,815,"R","Drama"
"93","JFK",1991,206,40,7.8,26456,"R","Drama"
"94","Lunes al sol, Los",2002,113,4,7.8,1466,"R","Drama"
"95","MASH",1970,112,3.5,7.8,14829,"R","Comedy Drama"
"96","Minority Report",2002,145,102,7.8,51199,"PG-13","Action Drama"
"97","Notebook, The",2004,123,30,7.8,8830,"PG-13","Romance Drama"
"98","O Brother, Where Art Thou?",2000,106,26,7.8,37961,"PG-13","Comedy"
"99","Others, The",2001,104,17,7.8,36914,"PG-13","Drama"
"100","Rebel Without a Cause",1955,111,1.5,7.8,11055,"PG-13","Drama"
"101","Shrek 2",2004,92,75,7.8,27236,"PG","Animated"
"102","Traffic",2000,147,48,7.8,41268,"R","Drama"
"103","Violon rouge, Le",1998,140,10,7.8,6995,"R","Romance Drama"
"104","You Can Count on Me",2000,111,1.2,7.8,7630,"R","Drama"
"105","As Good as It Gets",1997,139,50,7.7,47441,"PG-13","RomCom"
"106","Billy Elliot",2000,110,5,7.7,16725,"R","Drama"
"107","Carandiru",2003,147,6,7.7,1608,"R","Drama"
"108","Collateral",2004,120,65,7.7,24499,"R","Drama"
"109","Far from Heaven",2002,107,13.5,7.7,9167,"PG-13","Romance Drama"
"110","Heavenly Creatures",1994,108,5,7.7,11453,"R","Romance Drama"
"111","Hedwig and the Angry Inch",2001,93,6,7.7,6072,"R","RomCom"
"112","Interstate 60",2002,116,7,7.7,2495,"R","Comedy Drama"
"113","Karakter",1997,122,4.5,7.7,2687,"R","Drama"
"114","Lone Star",1996,135,5,7.7,8518,"R","Drama"
"115","Man Who Wasn't There, The",2001,118,20,7.7,17028,"R","Comedy Drama"
"116","Maquinista, El",2004,102,5,7.7,4322,"R","Drama"
"117","Moulin Rouge!",2001,127,52.5,7.7,47689,"PG-13","Romance Drama"
"118","Office Space",1999,89,10,7.7,26134,"R","Comedy"
"119","Rabbit-Proof Fence",2002,94,6,7.7,5079,"PG","Drama"
"120","Road to Perdition",2002,117,80,7.7,30526,"R","Drama"
"121","Rushmore",1998,93,10,7.7,22209,"R","RomCom"
"122","Sense and Sensibility",1995,136,16.5,7.7,13904,"PG","RomCom"
"123","Triplettes de Belleville, Les",2003,78,8,7.7,6618,"PG-13","Animated"
"124","Truman Show, The",1998,103,60,7.7,62434,"PG","Comedy Drama"
"125","2046",2004,129,12,7.6,2663,"R","Romance Drama"
"126","Black Hawk Down",2001,142,90,7.6,32530,"R","Action Drama"
"127","Bloody Sunday",2002,107,5,7.6,2388,"R","Drama"
"128","Boogie Nights",1997,156,15,7.6,27380,"R","Drama"
"129","Boys Don't Cry",1999,118,2,7.6,14456,"R","Drama"
"130","Butterfly Effect, The",2004,120,13,7.6,22975,"R","Drama"
"131","Catch Me If You Can",2002,141,52,7.6,39915,"PG-13","Drama"
"132","Chasing Amy",1997,111,0.25,7.6,32141,"R","RomCom"
"133","Dead Man Walking",1995,122,11,7.6,16177,"R","Drama"
"134","Dirty Pretty Things",2002,97,10,7.6,6274,"R","Drama"
"135","Donnie Brasco",1997,127,35,7.6,20029,"R","Drama"
"136","Elizabeth",1998,124,25,7.6,14733,"R","Drama"
"137","Equilibrium",2002,107,20,7.6,17579,"R","Action"
"138","Foreign Correspondents",1999,102,0.5,7.6,117,"PG-13","Romance Drama"
"139","Gattaca",1997,101,36,7.6,26071,"PG-13","Drama"
"140","Gods and Monsters",1998,105,3.5,7.6,9020,"R","Drama"
"141","High Fidelity",2000,113,20,7.6,29704,"R","RomCom"
"142","Hours, The",2002,114,25,7.6,16692,"PG-13","Drama"
"143","Kinsey",2004,118,11,7.6,3225,"R","Drama"
"144","Leggenda del pianista sull'oceano, La",1998,120,9,7.6,3599,"R","Drama"
"145","Nueve reinas",2000,114,1.5,7.6,3721,"R","Drama"
"146","Postino, Il",1994,108,3,7.6,8342,"PG","RomCom"
"147","Royal Tenenbaums, The",2001,111,21,7.6,31227,"R","Comedy Drama"
"148","Samsara",2001,138,3,7.6,636,"R","Action Drama"
"149","Sand Pebbles, The",1966,193,12,7.6,1773,"PG-13","Romance Drama"
"150","Shine",1996,105,5.5,7.6,12425,"PG-13","Romance Drama"
"151","Simple Plan, A",1998,121,17,7.6,15398,"R","Drama"
"152","South Park: Bigger Longer & Uncut",1999,81,21,7.6,33188,"R","Animated"
"153","Star Trek: The Wrath of Khan",1982,116,11,7.6,16333,"PG","Action"
"154","Swingers",1996,96,0.2,7.6,15827,"R","Comedy Drama"
"155","Utomlyonnye solntsem",1994,132,2.8,7.6,2173,"R","Drama"
"156","Waiting for Guffman",1996,84,4,7.6,7337,"R","Comedy"
"157","Wonder Boys",2000,111,35,7.6,15668,"R","Comedy Drama"
"158","About a Boy",2002,101,27,7.5,18318,"PG-13","Comedy Drama"
"159","Apollo 13",1995,140,62,7.5,41098,"PG","Drama"
"160","Aviator, The",2004,170,116,7.5,16217,"PG-13","Drama"
"161","Best in Show",2000,90,6,7.5,11790,"PG-13","Comedy"
"162","Bound",1996,109,4.5,7.5,11911,"R","Romance Drama"
"163","Bubba Ho-tep",2002,92,1,7.5,7142,"R","Comedy"
"164","Chicago",2002,113,45,7.5,34933,"PG-13","Comedy Drama"
"165","Cider House Rules, The",1999,126,24,7.5,18950,"PG-13","Romance Drama"
"166","Frida",2002,123,12,7.5,8614,"R","Drama"
"167","Ice Storm, The",1997,112,18,7.5,13115,"R","Drama"
"168","Jackie Brown",1997,154,12,7.5,28891,"R","Drama"
"169","Jui kuen II",1994,99,2,7.5,4628,"R","Action Comedy"
"170","Lawn Dogs",1997,101,8,7.5,1856,"R","Drama"
"171","Leaving Las Vegas",1995,111,4,7.5,18027,"R","Romance Drama"
"172","Life as a House",2001,127,18,7.5,7696,"R","Comedy Drama"
"173","Master and Commander: The Far Side of the World",2003,138,150,7.5,21328,"PG-13","Action Drama"
"174","Ocean's Eleven",2001,116,85,7.5,44662,"PG-13","Comedy"
"175","Open Range",2003,139,26,7.5,8799,"R","Drama"
"176","Osama",2003,83,0.046,7.5,1546,"PG-13","Drama"
"177","Pleasantville",1998,124,40,7.5,22561,"PG-13","Comedy Drama"
"178","Primal Fear",1996,129,30,7.5,12467,"R","Drama"
"179","Punch-Drunk Love",2002,95,25,7.5,18169,"R","RomCom"
"180","Seabiscuit",2003,141,86,7.5,11552,"PG-13","Drama"
"181","Shakespeare in Love",1998,122,25,7.5,41999,"R","RomCom"
"182","Shattered Glass",2003,95,6,7.5,4108,"PG-13","Drama"
"183","Abyss, The",1989,171,69.5,7.4,21987,"PG-13","Action Drama"
"184","Antwone Fisher",2002,117,12.5,7.4,4472,"PG-13","Drama"
"185","Army of Darkness",1993,96,11,7.4,22118,"R","Action Comedy"
"186","Cold Mountain",2003,152,83,7.4,15712,"R","Romance Drama"
"187","Count of Monte Cristo, The",2002,134,35,7.4,13907,"PG-13","Action Drama"
"188","Dawn of the Dead",2004,109,28,7.4,16283,"R","Action Drama"
"189","Election",1999,103,8.5,7.4,17521,"R","Comedy"
"190","Enter the Dragon",1973,99,0.85,7.4,8078,"R","Action"
"191","Espinazo del diablo, El",2001,108,4.5,7.4,3474,"R","Drama"
"192","Frailty",2001,100,11,7.4,10551,"R","Drama"
"193","Frequency",2000,118,31,7.4,15317,"PG-13","Drama"
"194","Go",1999,103,6.5,7.4,20663,"R","Comedy"
"195","Grosse Pointe Blank",1997,107,15,7.4,20400,"R","RomCom"
"196","In the Bedroom",2001,130,1.7,7.4,10177,"R","Drama"
"197","Man on Fire",2004,146,70,7.4,14358,"R","Action Drama"
"198","Monster",2003,109,8,7.4,12306,"R","Drama"
"199","Nicholas Nickleby",2002,132,10,7.4,1651,"PG","Drama"
"200","Passion of the Christ, The",2004,127,30,7.4,34046,"R","Drama"
"201","Quiet American, The",2002,101,30,7.4,5957,"R","Romance Drama"
"202","Remember the Titans",2000,113,30,7.4,14195,"PG","Drama"
"203","Ring, The",2002,115,45,7.4,30687,"PG-13","Drama"
"204","Ryan's Daughter",1970,202,15,7.4,965,"R","Romance Drama"
"205","School of Rock, The",2003,108,20,7.4,16452,"PG-13","Comedy"
"206","Secondhand Lions",2003,120,30,7.4,5543,"PG","Comedy Drama"
"207","Shallow Grave",1994,93,2.5,7.4,9401,"R","Drama"
"208","Siunin Wong Fei-hung tsi titmalau",1993,90,2,7.4,3173,"PG-13","Action Comedy"
"209","Smoke",1995,112,7,7.4,8111,"R","Comedy Drama"
"210","Spider-Man",2002,121,139,7.4,63228,"PG-13","Action"
"211","Thirteen Days",2000,145,80,7.4,10926,"PG-13","Drama"
"212","Welcome to the Dollhouse",1995,88,0.8,7.4,5851,"R","Comedy Drama"
"213","Whole Wide World, The",1996,111,1.3,7.4,956,"PG","Drama"
"214","1776",1972,180,4,7.3,1754,"PG","Drama"
"215","About Schmidt",2002,125,30,7.3,23279,"R","Comedy Drama"
"216","Better Luck Tomorrow",2002,98,0.25,7.3,2697,"R","Drama"
"217","Bigger Than the Sky",2005,106,0.75,7.3,32,"PG-13","RomCom"
"218","Bourne Identity, The",2002,119,75,7.3,29871,"PG-13","Action Drama"
"219","Bourne Supremacy, The",2004,108,75,7.3,19878,"PG-13","Action Drama"
"220","Cast Away",2000,143,90,7.3,34580,"PG-13","Drama"
"221","Contact",1997,153,90,7.3,36390,"PG","Drama"
"222","Dellamorte Dellamore",1994,105,4,7.3,2313,"R","RomCom"
"223","Dogma",1999,130,10,7.3,43391,"R","Comedy"
"224","Elephant",2003,81,3,7.3,9203,"R","Drama"
"225","Enemy at the Gates",2001,131,70,7.3,19169,"R","Action Drama"
"226","Erin Brockovich",2000,130,51,7.3,24301,"R","Drama"
"227","EvenHand",2002,92,0.5,7.3,169,"R","Drama"
"228","Finding Forrester",2000,136,43,7.3,13439,"PG-13","Drama"
"229","Gangs of New York",2002,166,97,7.3,34808,"R","Drama"
"230","Gosford Park",2001,137,15,7.3,16831,"R","Drama"
"231","Grey Zone, The",2001,108,5,7.3,1553,"R","Drama"
"232","Heaven",2002,96,11,7.3,3857,"R","Drama"
"233","Hurricane, The",1999,145,38,7.3,12445,"R","Drama"
"234","Ice Age",2002,81,60,7.3,22302,"PG","Animated"
"235","Identity",2003,90,30,7.3,18747,"R","Drama"
"236","In the Company of Men",1997,97,0.025,7.3,3618,"R","Comedy"
"237","Insomnia",2002,118,46,7.3,22235,"R","Drama"
"238","Jerry Maguire",1996,139,50,7.3,34623,"R","RomCom"
"239","Julie Walking Home",2002,118,5,7.3,190,"R","Romance Drama"
"240","Latter Days",2003,107,0.85,7.3,1396,"R","RomCom"
"241","Life Aquatic with Steve Zissou, The",2004,118,25,7.3,9170,"R","Comedy Drama"
"242","Lilo & Stitch",2002,86,80,7.3,10944,"PG","Animated"
"243","Lost Highway",1997,135,15,7.3,15936,"R","Drama"
"244","Man on the Moon",1999,118,52,7.3,19826,"R","Comedy Drama"
"245","Mean Creek",2004,89,0.5,7.3,2094,"R","Drama"
"246","Menace II Society",1993,97,3.5,7.3,4704,"R","Action Drama"
"247","Merchant of Venice, The",2004,138,30,7.3,1400,"R","Comedy Drama"
"248","Metoroporisu",2001,107,14.5,7.3,3380,"PG-13","Animated"
"249","Monster's Ball",2001,112,4,7.3,15037,"R","Romance Drama"
"250","Narc",2002,105,7.5,7.3,7185,"R","Drama"
"251","Pieces of April",2003,80,0.3,7.3,4604,"PG-13","Comedy Drama"
"252","Star Trek: First Contact",1996,106,45,7.3,25046,"PG-13","Action"
"253","Team America: World Police",2004,98,30,7.3,13104,"R","Action Comedy"
"254","Three Kings",1999,114,48,7.3,31503,"R","Action Comedy"
"255","Training Day",2001,120,45,7.3,22776,"R","Drama"
"256","Waking Ned",1998,92,3,7.3,7232,"PG","Comedy"
"257","X-Men",2000,104,75,7.3,45332,"PG-13","Action"
"258","Apostle, The",1997,134,5,7.2,4231,"PG-13","Drama"
"259","Bad Santa",2003,98,18,7.2,11189,"R","Comedy"
"260","Being Julia",2004,104,18,7.2,1671,"R","Comedy Drama"
"261","Bon voyage",2003,115,20,7.2,1061,"PG-13","Comedy Drama"
"262","Buffalo '66",1998,110,1.5,7.2,6652,"R","Comedy Drama"
"263","Comunidad, La",2000,110,2,7.2,1270,"R","Comedy"
"264","Cypher",2002,95,7.5,7.2,3160,"R","Action"
"265","Dangerous Lives of Altar Boys, The",2002,105,12,7.2,3274,"R","Drama"
"266","Eve's Bayou",1997,109,5,7.2,2302,"R","Drama"
"267","Four Weddings and a Funeral",1994,117,6,7.2,17820,"R","RomCom"
"268","Full Monty, The",1997,91,3.5,7.2,22115,"R","Comedy"
"269","Galaxy Quest",1999,102,45,7.2,22341,"PG","Comedy"
"270","Holes",2003,117,30,7.2,5235,"PG","Comedy Drama"
"271","I Am Sam",2001,132,22,7.2,9945,"PG-13","Drama"
"272","K-PAX",2001,120,48,7.2,17235,"PG-13","Drama"
"273","Limey, The",1999,89,9,7.2,7732,"R","Drama"
"274","My Cousin Vinny",1992,120,11,7.2,10877,"R","Comedy"
"275","Napoleon Dynamite",2004,86,0.4,7.2,17524,"PG","Comedy"
"276","Negotiator, The",1998,139,50,7.2,19100,"R","Action Drama"
"277","Peter Pan",2003,113,100,7.2,5596,"PG","Action"
"278","Phantom of the Opera, The",2004,143,60,7.2,11283,"PG-13","Romance Drama"
"279","Rounders",1998,121,12,7.2,13621,"R","Drama"
"280","Salton Sea, The",2002,107,18,7.2,5070,"R","Drama"
"281","Santa sangre",1989,123,0.787,7.2,1165,"R","Drama"
"282","Savior",1998,104,10,7.2,1775,"R","Drama"
"283","Smoke Signals",1998,88,2,7.2,2665,"PG-13","Comedy Drama"
"284","Songcatcher",2000,109,1.8,7.2,927,"PG-13","Drama"
"285","There's Something About Mary",1998,134,23,7.2,46343,"R","RomCom"
"286","Thin Red Line, The",1998,170,52,7.2,25637,"R","Action Drama"
"287","Thirteen Conversations About One Thing",2001,104,3,7.2,2883,"R","Drama"
"288","Upside of Anger, The",2005,118,13.2,7.2,1160,"R","RomCom"
"289","Virgin Suicides, The",1999,90,6,7.2,17524,"R","Drama"
"290","Vor",1997,110,2,7.2,841,"R","Drama"
"291","Arlington Road",1999,117,21.5,7.1,17189,"R","Drama"
"292","Bananas",1971,82,2,7.1,4252,"PG-13","Comedy"
"293","Blow",2001,124,30,7.1,18670,"R","Drama"
"294","Brigham City",2001,119,1,7.1,405,"PG-13","Drama"
"295","Cape Fear",1991,128,35,7.1,15585,"R","Drama"
"296","Confessions of a Dangerous Mind",2002,113,29,7.1,11487,"R","Drama"
"297","Crimson Tide",1995,116,53,7.1,14033,"R","Action Drama"
"298","Deconstructing Harry",1997,96,20,7.1,7342,"R","Comedy"
"299","Dracula",1992,128,40,7.1,19972,"R","Romance Drama"
"300","Enemy of the State",1998,131,90,7.1,23263,"R","Action Drama"
"301","English Patient, The",1996,160,27,7.1,25210,"R","Romance Drama"
"302","Evelyn",2002,94,10,7.1,1163,"PG","Drama"
"303","Everything Put Together",2000,87,0.5,7.1,151,"R","Drama"
"304","Face/Off",1997,133,80,7.1,37506,"R","Action Drama"
"305","Fifth Element, The",1997,126,90,7.1,55398,"PG-13","Action Drama"
"306","Harold & Kumar Go to White Castle",2004,90,9,7.1,8376,"R","Comedy"
"307","Highlander",1986,116,16,7.1,18146,"R","Action"
"308","Igby Goes Down",2002,99,9,7.1,7958,"R","Comedy Drama"
"309","Kundun",1997,128,28,7.1,4306,"PG-13","Drama"
"310","Lana's Rain",2002,107,0.215,7.1,56,"R","Drama"
"311","Last Orders",2001,109,12,7.1,1583,"R","Drama"
"312","Life of David Gale, The",2003,130,50,7.1,10580,"R","Drama"
"313","Limbo",1999,126,8.3,7.1,2063,"R","Drama"
"314","Mallrats",1995,94,6.1,7.1,22837,"R","Comedy Drama"
"315","Matrix Reloaded, The",2003,138,127,7.1,57225,"R","Action"
"316","Mother Night",1996,114,5.5,7.1,1232,"R","Romance Drama"
"317","Muriel's Wedding",1994,106,3,7.1,6685,"R","RomCom"
"318","My Dog Skip",2000,95,7,7.1,3109,"PG","Drama"
"319","One Hour Photo",2002,96,12,7.1,17130,"R","Drama"
"320","Playing by Heart",1998,121,14,7.1,4958,"R","Romance Drama"
"321","Pollock",2000,132,6,7.1,4013,"R","Drama"
"322","Runaway Jury",2003,127,60,7.1,10761,"PG-13","Drama"
"323","Saved!",2004,92,5,7.1,6504,"PG-13","Comedy Drama"
"324","Signs",2002,108,72,7.1,40285,"PG-13","Drama"
"325","Slam",1998,100,1,7.1,569,"R","Drama"
"326","Speed",1994,116,28,7.1,32979,"R","Action"
"327","Spring Forward",1999,110,2,7.1,307,"R","Drama"
"328","Superman",1978,151,55,7.1,17327,"PG","Action"
"329","Swimming with Sharks",1994,101,0.7,7.1,4837,"R","Comedy Drama"
"330","Terminal, The",2004,128,60,7.1,15809,"PG-13","RomCom"
"331","Thirteen",2003,100,1.5,7.1,8652,"R","Drama"
"332","Trees Lounge",1996,95,1.3,7.1,3155,"R","Comedy Drama"
"333","Troy",2004,162,185,7.1,33979,"R","Action Drama"
"334","Twin Falls Idaho",1999,111,0.5,7.1,1547,"R","Drama"
"335","Unbreakable",2000,106,75,7.1,35842,"PG-13","Drama"
"336","We Were Soldiers",2002,143,75,7.1,14939,"R","Action Drama"
"337","Alferd Packer: The Musical",1996,97,0.125,7,2298,"R","RomCom"
"338","Amistad",1997,152,40,7,10543,"R","Drama"
"339","Antz",1998,83,60,7,16312,"PG","Animated"
"340","Austin Powers: International Man of Mystery",1997,94,17,7,33755,"PG-13","Action Comedy"
"341","Bridget Jones's Diary",2001,97,26,7,24791,"R","RomCom"
"342","Buffalo Soldiers",2001,98,15,7,3753,"R","Comedy Drama"
"343","Crimen del padre Amaro, El",2002,118,1.8,7,2469,"R","Romance Drama"
"344","Devil's Advocate, The",1997,144,57,7,26904,"R","Drama"
"345","Die Hard: With a Vengeance",1995,131,90,7,25258,"R","Action"
"346","Edges of the Lord",2001,95,7.5,7,639,"R","Drama"
"347","Elf",2003,95,33,7,10165,"PG","Comedy"
"348","End of the Affair, The",1999,102,23,7,4808,"R","Romance Drama"
"349","Ever After",1998,121,26,7,10250,"PG","RomCom"
"350","Eyes Wide Shut",1999,159,65,7,37868,"R","Drama"
"351","Final Solution",2001,110,1.5,7,32,"R","Action Drama"
"352","Friday Night Lights",2004,117,30,7,4290,"PG-13","Drama"
"353","Get Shorty",1995,105,30.25,7,14825,"R","Comedy Drama"
"354","Girl, Interrupted",1999,127,24,7,16362,"R","Drama"
"355","How to Kill Your Neighbor's Dog",2000,107,7.3,7,907,"R","Comedy Drama"
"356","Husbands",1970,131,1,7,373,"PG-13","Drama"
"357","I Capture the Castle",2003,111,8,7,947,"R","Romance Drama"
"358","I Heart Huckabees",2004,106,22,7,7262,"R","Comedy"
"359","I, Robot",2004,115,105,7,22330,"PG-13","Action"
"360","Ideal Husband, An",1999,97,14,7,4584,"PG-13","RomCom"
"361","Imaginary Heroes",2004,112,10,7,411,"R","Comedy Drama"
"362","Jake's Booty Call",2003,77,0.05,7,10,"R","Comedy"
"363","Japanese Story",2003,105,5.74,7,1330,"R","Drama"
"364","Kingdom of Heaven",2005,145,130,7,6498,"R","Action Drama"
"365","Kissing Jessica Stein",2001,97,1,7,4236,"R","RomCom"
"366","Mean Girls",2004,97,17,7,11591,"PG-13","Comedy Drama"
"367","Meet the Parents",2000,108,55,7,30804,"PG-13","Comedy"
"368","Mighty Aphrodite",1995,95,15,7,7083,"R","Comedy"
"369","Modigliani",2004,128,12,7,155,"R","Drama"
"370","My Family",1995,128,5.5,7,859,"R","Drama"
"371","Notting Hill",1999,124,42,7,27285,"PG-13","RomCom"
"372","One True Thing",1998,127,30,7,2534,"R","Drama"
"373","Owning Mahowny",2003,104,10,7,1999,"R","Drama"
"374","Panic Room",2002,113,48,7,24302,"R","Drama"
"375","Real Women Have Curves",2002,87,3,7,1944,"PG-13","Comedy Drama"
"376","Rock, The",1996,136,75,7,46184,"R","Action Drama"
"377","Ronin",1998,121,55,7,21982,"R","Action"
"378","Sleepers",1996,147,44,7,17896,"R","Drama"
"379","Spy Game",2001,126,92,7,16736,"R","Action Drama"
"380","Star Wars: Episode II - Attack of the Clones",2002,120,120,7,63889,"PG","Action"
"381","Suicide Kings",1997,106,5,7,6117,"R","Comedy Drama"
"382","Sunshine State",2002,141,5.6,7,1481,"PG-13","Drama"
"383","Talented Mr. Ripley, The",1999,139,40,7,25974,"R","Drama"
"384","Wag the Dog",1997,97,15,7,16434,"R","Comedy"
"385","Zero Effect",1998,116,5,7,4820,"R","Comedy"
"386","Affliction",1997,114,6,6.9,3679,"R","Drama"
"387","American President, The",1995,114,62,6.9,11834,"PG-13","RomCom"
"388","Beautiful Country, The",2004,137,6,6.9,115,"R","Drama"
"389","Bridges of Madison County, The",1995,135,22,6.9,7633,"PG-13","Romance Drama"
"390","Contender, The",2000,126,9,6.9,7023,"R","Drama"
"391","Emma",1996,121,6,6.9,6431,"PG","RomCom"
"392","Everyone Says I Love You",1996,101,20,6.9,7314,"R","RomCom"
"393","Freaky Friday",2003,97,26,6.9,8052,"PG","Comedy Drama"
"394","Good Girl, The",2002,93,5,6.9,8254,"R","Comedy Drama"
"395","Great White Hope, The",1970,103,6,6.9,369,"PG-13","Drama"
"396","Hitchhiker's Guide to the Galaxy, The",2005,110,50,6.9,7644,"PG","Comedy"
"397","House of Mirth, The",2000,140,10,6.9,2167,"PG","Romance Drama"
"398","Italian Job, The",2003,111,60,6.9,18496,"PG-13","Action"
"399","Jay and Silent Bob Strike Back",2001,104,22,6.9,24211,"R","Comedy"
"400","Jesus' Son",1999,107,2.5,6.9,2291,"R","Drama"
"401","Little Secrets",2001,97,2.5,6.9,457,"PG","Drama"
"402","Lovely & Amazing",2001,91,0.25,6.9,1813,"R","Comedy Drama"
"403","Manny & Lo",1996,88,0.5,6.9,395,"R","Drama"
"404","Moonlight Mile",2002,117,20,6.9,3479,"PG-13","Romance Drama"
"405","Mumford",1999,112,28,6.9,3384,"R","Comedy Drama"
"406","My Big Fat Greek Wedding",2002,95,5,6.9,21675,"PG","RomCom"
"407","Nil by Mouth",1997,128,9,6.9,1159,"R","Drama"
"408","Panic",2000,88,1,6.9,2524,"R","Comedy Drama"
"409","Pledge, The",2001,123,45,6.9,9852,"R","Drama"
"410","Prince of Egypt, The",1998,99,60,6.9,9212,"PG","Animated"
"411","Radio",2003,109,35,6.9,3594,"PG","Drama"
"412","Return to Me",2000,115,24,6.9,5057,"PG","RomCom"
"413","Saints and Soldiers",2003,90,0.78,6.9,689,"PG-13","Action Drama"
"414","Shape of Things, The",2003,96,4,6.9,1816,"R","Drama"
"415","Shipping News, The",2001,111,35,6.9,7695,"R","Romance Drama"
"416","Strange Days",1995,145,42,6.9,11869,"R","Action Drama"
"417","Terminator 3: Rise of the Machines",2003,109,175,6.9,32111,"R","Action"
"418","Time to Kill, A",1996,149,40,6.9,15577,"R","Drama"
"419","Titanic",1997,194,200,6.9,90195,"PG-13","Romance Drama"
"420","Tumbleweeds",1999,102,0.312,6.9,1146,"PG-13","Comedy Drama"
"421","Urbania",2000,106,0.225,6.9,1089,"R","Drama"
"422","Vanilla Sky",2001,136,68,6.9,31250,"R","Romance Drama"
"423","Walking Across Egypt",1999,100,4.5,6.9,247,"PG-13","Drama"
"424","White Oleander",2002,109,16,6.9,4545,"PG-13","Drama"
"425","Wilde",1997,118,10,6.9,2545,"R","Drama"
"426","50 First Dates",2004,99,75,6.8,13497,"PG-13","RomCom"
"427","8 Mile",2002,110,41,6.8,17900,"R","Drama"
"428","All the Real Girls",2003,108,1,6.8,1745,"R","Romance Drama"
"429","American Pie",1999,95,11,6.8,41126,"R","Comedy"
"430","American Psycho",2000,102,8,6.8,21639,"R","Drama"
"431","Artificial Intelligence: AI",2001,146,90,6.8,36623,"PG-13","Drama"
"432","Avalon",2001,106,8,6.8,2723,"R","Animated"
"433","Blade",1998,110,45,6.8,24372,"R","Action"
"434","Boiler Room",2000,118,9,6.8,8586,"R","Drama"
"435","Bread, My Sweet, The",2001,105,0.6,6.8,257,"PG-13","Romance Drama"
"436","Clockers",1995,129,25,6.8,3099,"R","Drama"
"437","Confidence",2003,97,15,6.8,6168,"R","Drama"
"438","Curse of the Jade Scorpion, The",2001,103,26,6.8,5846,"PG-13","Comedy Drama"
"439","Deep End, The",2001,101,3,6.8,3524,"R","Drama"
"440","Desperado",1995,106,7,6.8,17929,"R","Action"
"441","Dom durakov",2002,104,2.5,6.8,382,"R","Drama"
"442","From Dusk Till Dawn",1996,108,20,6.8,28473,"R","Action Comedy"
"443","Gift, The",2000,111,10,6.8,12440,"R","Drama"
"444","GoldenEye",1995,130,80,6.8,22991,"PG-13","Action"
"445","Happy Gilmore",1996,92,10,6.8,17746,"PG-13","Comedy"
"446","Importance of Being Earnest, The",2002,97,15,6.8,3598,"PG","RomCom"
"447","Intended, The",2002,110,3.8,6.8,40,"R","Drama"
"448","Keeping the Faith",2000,128,30,6.8,11351,"PG-13","RomCom"
"449","Lolita",1997,137,58,6.8,5757,"R","Romance Drama"
"450","Man from Elysian Fields, The",2001,106,6.5,6.8,1198,"R","Drama"
"451","Mask of Zorro, The",1998,136,65,6.8,18220,"PG-13","Action Comedy"
"452","May",2002,93,1.7,6.8,3324,"R","Drama"
"453","Men in Black",1997,98,90,6.8,53231,"PG-13","Action Comedy"
"454","Mudge Boy, The",2003,94,0.8,6.8,204,"R","Drama"
"455","Mute Witness",1994,95,2,6.8,1202,"R","Comedy"
"456","Nixon",1995,212,50,6.8,5837,"R","Drama"
"457","Othello",1995,123,11,6.8,1852,"R","Drama"
"458","Outsiders, The",1983,91,10,6.8,7125,"PG-13","Drama"
"459","Patriot, The",2000,164,110,6.8,29665,"R","Action Drama"
"460","Primary Colors",1998,143,65,6.8,7756,"R","Comedy Drama"
"461","Rainmaker, The",1997,135,40,6.8,8620,"PG-13","Drama"
"462","Rob Roy",1995,133,28,6.8,6652,"R","Action Drama"
"463","Rosewood",1997,140,31,6.8,1840,"R","Action Drama"
"464","Score, The",2001,124,68,6.8,16106,"R","Drama"
"465","Simon Birch",1998,113,20,6.8,4612,"PG","Comedy Drama"
"466","Spider",2002,94,8,6.8,5193,"R","Drama"
"467","Stripes",1981,106,10,6.8,7406,"R","Comedy"
"468","Veronica Guerin",2003,92,17,6.8,2688,"R","Drama"
"469","Walk to Remember, A",2002,101,11,6.8,7124,"PG","Romance Drama"
"470","Welcome to Sarajevo",1997,103,9,6.8,1465,"R","Drama"
"471","Without Limits",1998,117,25,6.8,1249,"PG-13","Drama"
"472","10 Things I Hate About You",1999,97,16,6.7,19095,"PG-13","RomCom"
"473","Auto Focus",2002,105,7,6.7,3276,"R","Drama"
"474","Bandits",2001,123,80,6.7,12382,"PG-13","RomCom"
"475","Beyond the Sea",2004,118,24,6.7,1051,"PG-13","Drama"
"476","Breakdown",1997,95,36,6.7,7099,"R","Action"
"477","Bringing Out the Dead",1999,121,32,6.7,13989,"R","Drama"
"478","Brother from Another Planet, The",1984,106,0.3,6.7,1133,"R","Comedy Drama"
"479","Clueless",1995,97,20,6.7,16521,"PG-13","RomCom"
"480","Cop Land",1997,116,15,6.7,12677,"R","Drama"
"481","Courage Under Fire",1996,117,46,6.7,8884,"R","Action Drama"
"482","Cradle Will Rock",1999,132,32,6.7,3375,"R","Drama"
"483","Emperor's Club, The",2002,109,12.5,6.7,3056,"PG-13","Drama"
"484","Friday",1995,91,3.5,6.7,7020,"R","Comedy Drama"
"485","Hearts in Atlantis",2001,101,31,6.7,6577,"PG-13","Drama"
"486","Hellboy",2004,132,66,6.7,15565,"PG-13","Action"
"487","Hit and Runway",1999,108,1.2,6.7,189,"R","Comedy"
"488","How Harry Became a Tree",2001,99,6,6.7,115,"R","Drama"
"489","Interview with the Assassin",2002,88,0.75,6.7,409,"R","Drama"
"490","Jerry and Tom",1998,106,5,6.7,447,"R","Comedy Drama"
"491","Jing cha gu shi III: Chao ji jing cha",1992,95,0.9,6.7,2024,"R","Action Comedy"
"492","Lemony Snicket's A Series of Unfortunate Events",2004,108,125,6.7,8402,"PG","Comedy"
"493","Love & Basketball",2000,124,15,6.7,2093,"PG-13","Romance Drama"
"494","Majestic, The",2001,156,72,6.7,8649,"PG","Romance Drama"
"495","Next Stop Wonderland",1998,104,1,6.7,1467,"R","RomCom"
"496","Old School",2003,92,24,6.7,14283,"R","Comedy"
"497","Otra conquista, La",1998,106,3.5,6.7,140,"R","Drama"
"498","Pay It Forward",2000,123,40,6.7,13531,"PG-13","Romance Drama"
"499","Raising Victor Vargas",2002,88,0.8,6.7,1785,"R","RomCom"
"500","Ravenous",1999,108,12,6.7,5915,"R","Comedy Drama"
"501","Romeo + Juliet",1996,120,14.5,6.7,22306,"PG-13","Action Drama"
"502","Rules of Attraction, The",2002,110,4,6.7,8552,"R","RomCom"
"503","Rush Hour",1998,93,35,6.7,18336,"PG-13","Action Comedy"
"504","Shanghai Noon",2000,110,55,6.7,12258,"PG-13","Action Comedy"
"505","Snow Falling on Cedars",1999,127,36,6.7,4536,"PG-13","Drama"
"506","Spanglish",2004,130,80,6.7,4698,"PG-13","RomCom"
"507","Starship Troopers",1997,129,95,6.7,32618,"R","Action"
"508","Tea with Mussolini",1999,117,12,6.7,2711,"PG","Comedy Drama"
"509","Thomas Crown Affair, The",1999,113,48,6.7,17220,"R","RomCom"
"510","Under the Tuscan Sun",2003,113,18,6.7,4183,"PG-13","RomCom"
"511","X Files, The",1998,121,66,6.7,18314,"PG-13","Action"
"512","Analyze This",1999,109,30,6.6,24521,"R","Comedy"
"513","Anna and the King",1999,148,75,6.6,6739,"PG-13","Romance Drama"
"514","Barbershop",2002,102,12,6.6,4943,"PG-13","Comedy Drama"
"515","Blade II",2002,108,55,6.6,17139,"R","Action"
"516","Blue Hill Avenue",2001,120,1.2,6.6,85,"R","Drama"
"517","Changing Lanes",2002,99,45,6.6,12779,"R","Drama"
"518","Chuck&Buck",2000,96,0.25,6.6,1919,"R","Comedy Drama"
"519","Coach Carter",2005,136,30,6.6,1636,"PG-13","Drama"
"520","Dark Blue",2002,118,15,6.6,3882,"R","Action Drama"
"521","Dodgeball: A True Underdog Story",2004,92,20,6.6,14584,"PG-13","Comedy"
"522","Dumb & Dumber",1994,101,16,6.6,27713,"PG-13","Comedy"
"523","Fever Pitch",2005,98,39.69,6.6,1712,"PG-13","RomCom"
"524","Finding Graceland",1998,106,10,6.6,504,"PG-13","Drama"
"525","Firm, The",1993,154,42,6.6,14708,"R","Drama"
"526","Get on the Bus",1996,120,2.4,6.6,1142,"R","Drama"
"527","He Got Game",1998,137,25,6.6,4198,"R","Drama"
"528","Hidalgo",2004,136,78,6.6,7328,"PG-13","Action Drama"
"529","Hurricane",1997,91,0.5,6.6,424,"R","Drama"
"530","Interpreter, The",2005,128,80,6.6,4678,"PG-13","Drama"
"531","Intolerable Cruelty",2003,100,60,6.6,11967,"PG-13","RomCom"
"532","James and the Giant Peach",1996,79,38,6.6,3144,"PG","Animated"
"533","K-19: The Widowmaker",2002,140,100,6.6,8292,"PG-13","Drama"
"534","Kingpin",1996,117,25,6.6,10643,"PG-13","Comedy"
"535","Love Liza",2002,90,1,6.6,1588,"R","Drama"
"536","Meet Joe Black",1998,178,90,6.6,16796,"PG-13","Romance Drama"
"537","Men of Honor",2000,129,32,6.6,9684,"R","Drama"
"538","Mission: Impossible",1996,110,75,6.6,33496,"PG-13","Action"
"539","Molly Maguires, The",1970,124,11,6.6,455,"PG","Drama"
"540","Music of the Heart",1999,124,27,6.6,2348,"PG","Drama"
"541","National Treasure",2004,131,100,6.6,12361,"PG","Action"
"542","No Way Home",1996,99,4,6.6,328,"R","Drama"
"543","Nurse Betty",2000,110,24,6.6,10441,"R","RomCom"
"544","Poolhall Junkies",2002,94,4,6.6,1411,"R","Drama"
"545","Private Parts",1997,109,20,6.6,9289,"R","Comedy Drama"
"546","Ransom",1996,139,80,6.6,17678,"R","Action Drama"
"547","Restoration",1995,117,18,6.6,1874,"R","Drama"
"548","Ripley's Game",2002,112,30,6.6,2680,"R","Drama"
"549","Serendipity",2001,90,28,6.6,10795,"PG-13","RomCom"
"550","Session 9",2001,97,1.5,6.6,3718,"R","Drama"
"551","Seven Years in Tibet",1997,139,70,6.6,9426,"PG-13","Drama"
"552","Shooting Fish",1997,103,3,6.6,2701,"PG","RomCom"
"553","Steamboy",2004,126,20,6.6,529,"PG-13","Animated"
"554","Sum of All Fears, The",2002,123,68,6.6,15835,"PG-13","Action Drama"
"555","Swiri",1999,125,5,6.6,1704,"R","Action"
"556","Things to Do in Denver When You're Dead",1995,115,8,6.6,5703,"R","Romance Drama"
"557","Treasure Planet",2002,95,140,6.6,3724,"PG","Animated"
"558","Unfaithful",2002,125,50,6.6,8713,"R","Drama"
"559","Village, The",2004,108,60,6.6,25729,"PG-13","Drama"
"560","Walk on the Moon, A",1999,105,14,6.6,1815,"R","Romance Drama"
"561","Walking and Talking",1996,86,1,6.6,888,"R","RomCom"
"562","War and Peace",1956,208,6,6.6,795,"PG","Romance Drama"
"563","What Lies Beneath",2000,130,90,6.6,20584,"PG-13","Drama"
"564","Anchorman: The Legend of Ron Burgundy",2004,104,26,6.5,11553,"PG-13","Comedy"
"565","Anything Else",2003,108,18,6.5,3678,"R","RomCom"
"566","Austin Powers: The Spy Who Shagged Me",1999,95,33,6.5,37019,"PG-13","Action Comedy"
"567","Cherish",2002,99,1.5,6.5,743,"R","Comedy Drama"
"568","Copycat",1995,123,20,6.5,7804,"R","Drama"
"569","Crazy/Beautiful",2001,135,14,6.5,4503,"PG-13","Romance Drama"
"570","Cruel Intentions",1999,97,11,6.5,25634,"R","Romance Drama"
"571","Ella Enchanted",2004,96,35,6.5,2502,"PG","RomCom"
"572","Eulogy",2004,91,10,6.5,773,"R","Comedy Drama"
"573","Family Man, The",2000,125,60,6.5,11220,"PG-13","RomCom"
"574","Final Fantasy: The Spirits Within",2001,106,137,6.5,16451,"PG-13","Animated"
"575","Freeway",1996,102,3,6.5,4961,"R","Drama"
"576","Grace of My Heart",1996,116,5,6.5,982,"R","Comedy Drama"
"577","Home at the End of the World, A",2004,96,6.5,6.5,1693,"R","Romance Drama"
"578","Hong faan kui",1996,91,7.5,6.5,4644,"R","Action Comedy"
"579","House of Yes, The",1997,85,1.5,6.5,2345,"R","Comedy Drama"
"580","Incredibly True Adventure of Two Girls in Love, The",1995,94,0.25,6.5,795,"R","RomCom"
"581","Knight's Tale, A",2001,132,41,6.5,15006,"PG-13","Action Comedy"
"582","Liar Liar",1997,86,45,6.5,22969,"PG-13","Comedy"
"583","Living Out Loud",1998,103,12,6.5,1774,"R","RomCom"
"584","Long Kiss Goodnight, The",1996,120,65,6.5,12516,"R","Action Drama"
"585","Love and Other Catastrophes",1996,78,0.25,6.5,783,"R","RomCom"
"586","Made",2001,94,5,6.5,4487,"R","Comedy Drama"
"587","Marvin's Room",1996,98,23,6.5,4005,"PG-13","Comedy Drama"
"588","Matilda",1996,102,36,6.5,4351,"PG","Comedy Drama"
"589","Meet the Fockers",2004,115,80,6.5,11950,"PG-13","Comedy"
"590","Mummy, The",1999,124,76,6.5,36216,"PG-13","Action Comedy"
"591","Other Side of Heaven, The",2001,113,7,6.5,683,"PG","Drama"
"592","Paint Your Wagon",1969,158,20,6.5,2011,"PG-13","Comedy"
"593","Rat Race",2001,112,48,6.5,13913,"PG-13","Comedy"
"594","Rundown, The",2003,104,85,6.5,8067,"PG-13","Action Comedy"
"595","Rush Hour 2",2001,86,90,6.5,16581,"PG-13","Action Comedy"
"596","Shade",2003,101,6.8,6.5,1616,"R","Drama"
"597","Sidewalks of New York",2001,108,1,6.5,1998,"R","RomCom"
"598","Sinbad: Legend of the Seven Seas",2003,86,60,6.5,2340,"PG","Animated"
"599","Sky Captain and the World of Tomorrow",2004,106,40,6.5,12579,"PG","Action"
"600","Small Time Crooks",2000,94,18,6.5,6218,"PG","RomCom"
"601","Soul Food",1997,114,7.5,6.5,1166,"R","Comedy Drama"
"602","SpongeBob SquarePants Movie, The",2004,90,30,6.5,2672,"PG","Animated"
"603","Star Trek: Nemesis",2002,116,70,6.5,11785,"PG-13","Action Drama"
"604","Summer of Sam",1999,142,22,6.5,8151,"R","Romance Drama"
"605","THX 1138",1971,88,0.777,6.5,4274,"R","Drama"
"606","Tuck Everlasting",2002,96,15,6.5,2055,"PG","Romance Drama"
"607","Twin Peaks: Fire Walk with Me",1992,135,10,6.5,6927,"R","Drama"
"608","U Turn",1997,125,19,6.5,10306,"R","Drama"
"609","U-571",2000,116,62,6.5,15792,"PG-13","Action Drama"
"610","While You Were Sleeping",1995,103,17,6.5,13035,"PG","RomCom"
"611","13 Going On 30",2004,98,37,6.4,7859,"PG-13","RomCom"
"612","Absolute Power",1997,121,50,6.4,7995,"R","Drama"
"613","Ali",2001,165,107,6.4,9294,"R","Drama"
"614","Any Given Sunday",1999,156,62,6.4,19531,"R","Drama"
"615","Apt Pupil",1998,112,14,6.4,6728,"R","Drama"
"616","Atlantis: The Lost Empire",2001,95,90,6.4,6323,"PG","Animated"
"617","Bad Boys",1995,118,23,6.4,15326,"R","Action Comedy"
"618","Beyond Rangoon",1995,100,23,6.4,1285,"R","Drama"
"619","Big Trouble",2002,85,40,6.4,4088,"PG-13","Comedy"
"620","Blast from the Past",1999,112,35,6.4,9483,"PG-13","RomCom"
"621","Bowfinger",1999,97,55,6.4,15000,"PG-13","Comedy"
"622","Brothers McMullen, The",1995,98,0.0238,6.4,2325,"R","Comedy Drama"
"623","Bruce Almighty",2003,101,81,6.4,23905,"PG-13","RomCom"
"624","Cellular",2004,94,25,6.4,6182,"PG-13","Action"
"625","Civil Action, A",1998,112,60,6.4,6847,"PG-13","Drama"
"626","Clay Pigeons",1998,104,8,6.4,2658,"R","Comedy Drama"
"627","Code 46",2003,92,7.5,6.4,2094,"R","Romance Drama"
"628","Conspiracy Theory",1997,135,75,6.4,15470,"R","Romance Drama"
"629","CQ",2001,91,7,6.4,1315,"R","Comedy Drama"
"630","Dancing in September",2000,102,0.85,6.4,166,"R","Drama"
"631","Die Another Day",2002,133,142,6.4,22136,"PG-13","Action"
"632","Drive",1997,117,3.5,6.4,1086,"R","Action Comedy"
"633","Game of Their Lives, The",2005,101,20,6.4,125,"PG","Drama"
"634","Ghost and the Darkness, The",1996,109,55,6.4,8360,"R","Action Drama"
"635","God's Army",2000,108,0.3,6.4,354,"PG","Drama"
"636","Happy, Texas",1999,98,1.7,6.4,3453,"PG-13","Comedy"
"637","Horse Whisperer, The",1998,170,60,6.4,6744,"PG-13","Romance Drama"
"638","Incident at Loch Ness",2004,94,1.4,6.4,251,"PG-13","Comedy"
"639","Intermission",2003,102,5,6.4,1971,"R","Comedy Drama"
"640","Jersey Girl",2004,102,35,6.4,6853,"PG-13","Comedy Drama"
"641","John Q",2002,116,36,6.4,8952,"PG-13","Drama"
"642","Kiss the Girls",1997,111,27,6.4,9041,"R","Drama"
"643","Ladykillers, The",2004,104,35,6.4,10580,"R","Comedy"
"644","Last Castle, The",2001,131,60,6.4,7233,"R","Action Drama"
"645","Legally Blonde",2001,96,18,6.4,17572,"PG-13","Comedy"
"646","Legend of Bagger Vance, The",2000,126,60,6.4,7123,"PG-13","RomCom"
"647","Levity",2003,100,7.5,6.4,1459,"R","Drama"
"648","Life Less Ordinary, A",1997,103,12,6.4,8209,"R","RomCom"
"649","Midnight in the Garden of Good and Evil",1997,155,30,6.4,8517,"R","Drama"
"650","Mutant Aliens",2001,81,0.2,6.4,223,"R","Animated"
"651","My Best Friend's Wedding",1997,105,46,6.4,16648,"PG-13","RomCom"
"652","Mystery, Alaska",1999,119,28,6.4,5440,"R","Comedy Drama"
"653","Outbreak",1995,127,50,6.4,13796,"R","Drama"
"654","Pecker",1998,87,6,6.4,4013,"R","Comedy"
"655","Primer",2004,77,0.007,6.4,1466,"PG-13","Drama"
"656","Rare Birds",2001,99,5,6.4,471,"R","Comedy Drama"
"657","Robots",2005,91,75,6.4,4089,"PG","Animated"
"658","Slums of Beverly Hills",1998,92,5,6.4,2914,"R","Comedy Drama"
"659","Star Wars: Episode I - The Phantom Menace",1999,133,115,6.4,84488,"PG","Action"
"660","Titan A.E.",2000,94,75,6.4,9373,"PG","Animated"
"661","Tomorrow Never Dies",1997,119,110,6.4,19397,"PG-13","Action"
"662","Under Suspicion",2000,111,25,6.4,3718,"R","Drama"
"663","Vatel",2000,125,36,6.4,1322,"PG-13","Romance Drama"
"664","What Women Want",2000,127,65,6.4,20138,"PG-13","RomCom"
"665","Where the Heart Is",2000,120,15,6.4,5042,"PG-13","RomCom"
"666","White Squall",1996,129,38,6.4,3445,"PG-13","Drama"
"667","Wicker Park",2004,114,30,6.4,3143,"PG-13","Romance Drama"
"668","Your Friends & Neighbors",1998,100,5,6.4,2659,"R","Comedy Drama"
"669","Air Force One",1997,124,85,6.3,26156,"R","Action Drama"
"670","American Pie 2",2001,105,30,6.3,22752,"R","Comedy"
"671","American Wedding",2003,103,55,6.3,13590,"R","Comedy"
"672","Assault on Precinct 13",2005,109,20,6.3,2960,"R","Action Drama"
"673","Badge, The",2002,103,6,6.3,740,"R","Action Drama"
"674","Bamboozled",2000,135,10,6.3,2356,"R","Comedy Drama"
"675","Basket, The",1999,105,3,6.3,200,"PG","Drama"
"676","Best Laid Plans",1999,92,7,6.3,1795,"R","Drama"
"677","Blood Work",2002,110,50,6.3,5965,"R","Drama"
"678","Bride & Prejudice",2004,122,7,6.3,1503,"PG-13","RomCom"
"679","City by the Sea",2002,108,60,6.3,4886,"R","Drama"
"680","Crime Spree",2003,98,10,6.3,953,"R","Comedy"
"681","Day After Tomorrow, The",2004,124,125,6.3,23749,"PG-13","Action Drama"
"682","Dead Presidents",1995,119,15,6.3,2641,"R","Action Drama"
"683","Death to Smoochy",2002,109,55,6.3,8003,"R","Comedy"
"684","Defender, The",2004,90,6,6.3,58,"R","Action"
"685","Dick",1999,94,13,6.3,5004,"PG-13","Comedy"
"686","Dinosaur",2000,82,127.5,6.3,5839,"PG","Animated"
"687","Feng yun xiong ba tian xia",1998,85,10,6.3,922,"PG-13","Action"
"688","Goat on Fire and Smiling Fish",1999,90,0.04,6.3,254,"R","RomCom"
"689","Guinevere",1999,104,2.6,6.3,804,"R","Romance Drama"
"690","Hollywood Ending",2002,112,16,6.3,3673,"PG-13","Comedy Drama"
"691","Kate & Leopold",2001,123,48,6.3,8060,"PG-13","RomCom"
"692","Keane",2004,100,0.85,6.3,34,"R","Drama"
"693","Lethal Weapon 4",1998,127,140,6.3,17758,"R","Action Comedy"
"694","Love Object",2003,88,1,6.3,427,"R","Comedy"
"695","Lucky Break",2001,108,6,6.3,707,"PG-13","Comedy"
"696","Matrix Revolutions, The",2003,125,110,6.3,40058,"R","Action"
"697","Mindhunters",2004,102,27,6.3,3925,"R","Action"
"698","Muertos de risa",1999,111,3.5,6.3,334,"R","Comedy"
"699","My Fellow Americans",1996,101,21.5,6.3,2752,"PG-13","Comedy"
"700","Nochnoy dozor",2004,115,4.2,6.3,1020,"R","Action"
"701","O",2001,95,5,6.3,4555,"R","Romance Drama"
"702","One Eight Seven",1997,119,23,6.3,2958,"R","Drama"
"703","Onegin",1999,106,14,6.3,1327,"R","Romance Drama"
"704","Phenomenon",1996,123,32,6.3,12075,"PG","Romance Drama"
"705","Proof of Life",2000,135,65,6.3,9592,"R","Action Drama"
"706","Road to El Dorado, The",2000,89,95,6.3,2838,"PG","Animated"
"707","Road Trip",2000,94,15.6,6.3,15981,"R","Comedy"
"708","Rules of Engagement",2000,128,60,6.3,7903,"R","Drama"
"709","Secret Window",2004,96,40,6.3,13260,"PG-13","Drama"
"710","Serial Mom",1994,95,13,6.3,4750,"R","Comedy"
"711","Shanghai Knights",2003,114,50,6.3,7279,"PG-13","Action Comedy"
"712","Shot at Glory, A",2000,114,9,6.3,286,"R","Drama"
"713","Smilla's Sense of Snow",1997,120,35,6.3,3722,"R","Action Drama"
"714","Solaris",2002,99,47,6.3,11808,"PG-13","Romance Drama"
"715","Star Trek: Insurrection",1998,103,58,6.3,13395,"PG","Action Drama"
"716","Starsky & Hutch",2004,101,60,6.3,13529,"PG-13","Action Comedy"
"717","Super Troopers",2001,100,3,6.3,7728,"R","Comedy"
"718","Tadpole",2002,78,0.15,6.3,1769,"PG-13","RomCom"
"719","What Dreams May Come",1998,113,85,6.3,11706,"PG-13","Romance Drama"
"720","Wimbledon",2004,98,31,6.3,4297,"PG-13","RomCom"
"721","Work and the Glory, The",2004,118,7.5,6.3,180,"PG","Romance Drama"
"722","World Is Not Enough, The",1999,128,135,6.3,24205,"PG-13","Action"
"723","Yards, The",2000,115,20,6.3,3386,"R","Drama"
"724","Ace Ventura: Pet Detective",1994,86,12,6.2,20705,"PG-13","Comedy"
"725","Austin Powers in Goldmember",2002,94,63,6.2,22870,"PG-13","Action Comedy"
"726","Baby Boy",2001,130,16,6.2,1476,"R","Romance Drama"
"727","Ballad of Jack and Rose, The",2005,112,1.5,6.2,269,"R","Drama"
"728","Basic",2003,98,50,6.2,8370,"R","Drama"
"729","Beavis and Butt-Head Do America",1996,81,12,6.2,9491,"PG-13","Animated"
"730","Bicentennial Man",1999,132,100,6.2,8925,"PG","Romance Drama"
"731","Bone Collector, The",1999,118,48,6.2,17766,"R","Drama"
"732","But I'm a Cheerleader",1999,85,1.2,6.2,3897,"R","RomCom"
"733","Can't Hardly Wait",1998,101,10,6.2,8191,"PG-13","RomCom"
"734","Chronicles of Riddick, The",2004,135,110,6.2,11438,"PG-13","Action"
"735","City of Angels",1998,114,55,6.2,15333,"PG-13","Romance Drama"
"736","Company, The",2003,112,15,6.2,1505,"PG-13","Drama"
"737","Don't Say a Word",2001,113,50,6.2,10098,"R","Drama"
"738","Edtv",1999,122,60,6.2,10085,"PG-13","Comedy"
"739","Emmett's Mark",2002,104,4.5,6.2,427,"R","Drama"
"740","Evita",1996,134,55,6.2,8371,"PG","Drama"
"741","Four Feathers, The",2002,125,80,6.2,4400,"PG-13","Drama"
"742","Grumpier Old Men",1995,101,25,6.2,3711,"PG-13","RomCom"
"743","Hart's War",2002,125,70,6.2,6368,"R","Drama"
"744","Heart of Me, The",2002,96,7,6.2,336,"R","Romance Drama"
"745","Heartbreakers",2001,110,40,6.2,8037,"PG-13","RomCom"
"746","High Strung",1991,93,0.3,6.2,391,"PG","Comedy"
"747","I Married a Strange Person!",1997,74,0.25,6.2,391,"R","Animated"
"748","I'm with Lucy",2002,90,15,6.2,646,"R","RomCom"
"749","In & Out",1997,92,35,6.2,10352,"PG-13","Comedy"
"750","Just Looking",1999,97,3,6.2,436,"R","Comedy"
"751","Kiss of the Dragon",2001,98,25,6.2,7887,"R","Action Drama"
"752","Love Story",1970,99,2.2,6.2,2844,"PG","Romance Drama"
"753","Miss Congeniality",2000,109,45,6.2,16235,"PG-13","Comedy"
"754","Northfork",2003,103,1.9,6.2,1521,"PG-13","Drama"
"755","Osmosis Jones",2001,95,75,6.2,3410,"PG","Animated"
"756","Pandaemonium",2000,124,15,6.2,244,"PG-13","Drama"
"757","Perfect Storm, The",2000,130,120,6.2,24946,"PG-13","Action Drama"
"758","Powerpuff Girls, The",2002,73,10,6.2,1334,"PG","Animated"
"759","Price of Glory",2000,118,10,6.2,265,"PG-13","Drama"
"760","Prozac Nation",2001,99,9,6.2,940,"R","Drama"
"761","Punisher, The",2004,124,33,6.2,9989,"R","Action"
"762","Replacements, The",2000,114,50,6.2,7617,"PG-13","Comedy"
"763","Resident Evil",2002,100,35,6.2,18978,"R","Action"
"764","Riding in Cars with Boys",2001,132,48,6.2,4627,"PG-13","Comedy Drama"
"765","Six-String Samurai",1998,91,2,6.2,1163,"PG-13","Action"
"766","Snitch",1998,90,11,6.2,412,"R","Action Drama"
"767","Spun",2002,106,2.8,6.2,3924,"R","Comedy Drama"
"768","Stark Raving Mad",2002,102,5,6.2,601,"R","Comedy"
"769","Stolen Summer",2002,91,1.5,6.2,801,"PG","Drama"
"770","Swordfish",2001,99,80,6.2,20455,"R","Action"
"771","Tears of the Sun",2003,121,70,6.2,8690,"R","Action Drama"
"772","Timecode",2000,97,4,6.2,2320,"R","Comedy Drama"
"773","Tin Cup",1996,135,45,6.2,7521,"R","RomCom"
"774","Walk in the Clouds, A",1995,102,20,6.2,4085,"PG-13","Romance Drama"
"775","Where the Money Is",2000,89,18,6.2,1461,"PG-13","Comedy Drama"
"776","Where's Marlowe?",1998,97,3.5,6.2,188,"R","Comedy"
"777","Willard",2003,100,22,6.2,2913,"PG-13","Comedy Drama"
"778","Wood, The",1999,102,6,6.2,1170,"R","RomCom"
"779","You've Got Mail",1998,119,65,6.2,20053,"PG","RomCom"
"780","13th Warrior, The",1999,102,85,6.1,14344,"R","Action"
"781","15 Minutes",2001,120,42,6.1,10866,"R","Drama"
"782","51st State, The",2001,92,28,6.1,6752,"R","Action Comedy"
"783","Along Came a Spider",2001,104,28,6.1,9456,"R","Drama"
"784","Bad Boys II",2003,145,130,6.1,13087,"R","Action Comedy"
"785","Basil",1998,113,10,6.1,367,"R","Romance Drama"
"786","Behind Enemy Lines",2001,106,40,6.1,10856,"PG-13","Action Drama"
"787","Beyond Re-Animator",2003,96,3,6.1,908,"R","Comedy"
"788","Big Tease, The",1999,86,4,6.1,670,"R","Comedy"
"789","Birthday Girl",2001,93,13,6.1,5340,"R","RomCom"
"790","Bring It On",2000,98,10,6.1,11784,"PG-13","Comedy"
"791","Broken Vessels",1998,90,0.6,6.1,223,"R","Drama"
"792","Celebrity",1998,113,12,6.1,4820,"R","Comedy"
"793","Chain of Fools",2000,96,20,6.1,845,"R","Comedy"
"794","City Hall",1996,111,40,6.1,4381,"R","Drama"
"795","Crazy in Alabama",1999,111,15,6.1,2086,"PG-13","Comedy Drama"
"796","Entrapment",1999,113,66,6.1,18543,"PG-13","RomCom"
"797","EuroTrip",2004,90,25,6.1,8390,"R","Comedy"
"798","Everlasting Piece, An",2000,103,14,6.1,475,"R","Comedy"
"799","Flawless",1999,112,27,6.1,3287,"R","Comedy Drama"
"800","For Love of the Game",1999,137,50,6.1,5782,"PG-13","Romance Drama"
"801","Freddy Vs. Jason",2003,97,25,6.1,11109,"R","Action"
"802","General's Daughter, The",1999,116,60,6.1,11128,"R","Drama"
"803","Heart of America",2003,87,3,6.1,204,"R","Drama"
"804","Hideous Kinky",1998,98,12,6.1,1615,"R","Drama"
"805","High Crimes",2002,115,42,6.1,6043,"PG-13","Drama"
"806","How to Lose a Guy in 10 Days",2003,116,50,6.1,9257,"PG-13","RomCom"
"807","Hulk",2003,138,120,6.1,20710,"PG-13","Action Drama"
"808","Independence Day",1996,153,75,6.1,61831,"PG-13","Action"
"809","Instinct",1999,126,55,6.1,6298,"R","Drama"
"810","Kid, The",2000,104,65,6.1,5418,"PG","Comedy Drama"
"811","Looney Tunes: Back in Action",2003,91,80,6.1,2559,"PG","Animated"
"812","Losing Isaiah",1995,111,17,6.1,794,"R","Drama"
"813","Mars Attacks!",1996,106,70,6.1,27363,"PG-13","Action Comedy"
"814","Mona Lisa Smile",2003,117,65,6.1,6838,"PG-13","RomCom"
"815","Montana",1998,92,4,6.1,417,"R","Action Drama"
"816","Mummy Returns, The",2001,130,98,6.1,23551,"PG-13","Action"
"817","Open Water",2003,79,0.13,6.1,7204,"R","Drama"
"818","Orange County",2002,82,18,6.1,8526,"PG-13","Comedy Drama"
"819","Outside Providence",1999,96,7,6.1,2735,"R","RomCom"
"820","Patch Adams",1998,115,50,6.1,12110,"PG-13","Comedy Drama"
"821","Paycheck",2003,119,60,6.1,10383,"PG-13","Action"
"822","Sabrina",1995,127,58,6.1,7547,"PG","RomCom"
"823","Safe Men",1998,88,1,6.1,590,"R","Comedy"
"824","Save the Last Dance",2001,112,13,6.1,7613,"PG-13","Romance Drama"
"825","Selena",1997,127,20,6.1,2870,"PG","Drama"
"826","Set It Off",1996,123,9,6.1,1619,"R","Action Drama"
"827","Shallow Hal",2001,113,40,6.1,13217,"PG-13","RomCom"
"828","Sleeping Dictionary, The",2003,109,12,6.1,696,"R","Romance Drama"
"829","Statement, The",2003,120,23,6.1,710,"R","Drama"
"830","Stepmom",1998,124,50,6.1,7470,"PG-13","Comedy Drama"
"831","Surviving Picasso",1996,125,16,6.1,1139,"R","Romance Drama"
"832","Switchback",1997,118,38,6.1,2195,"R","Action"
"833","Tailor of Panama, The",2001,109,18,6.1,5997,"R","Comedy Drama"
"834","There Goes My Baby",1994,110,10.5,6.1,253,"R","Comedy Drama"
"835","U.S. Marshals",1998,131,60,6.1,10315,"PG-13","Action Drama"
"836","Vanity Fair",2004,141,23,6.1,2151,"PG-13","Romance Drama"
"837","We Don't Live Here Anymore",2004,101,3,6.1,1387,"R","Drama"
"838","Welcome to Collinwood",2002,86,12,6.1,2831,"R","Comedy"
"839","Zoolander",2001,89,28,6.1,18277,"PG-13","Comedy"
"840","28 Days",2000,103,43,6,7465,"PG-13","Drama"
"841","After the Sunset",2004,97,58,6,3431,"PG-13","Action Comedy"
"842","Albino Alligator",1996,97,5,6,2077,"R","Drama"
"843","Alfie",2004,103,60,6,3492,"R","Comedy Drama"
"844","Alien: Resurrection",1997,116,70,6,24358,"R","Action"
"845","Anger Management",2003,106,75,6,14280,"PG-13","Comedy"
"846","Antitrust",2001,108,30,6,7326,"PG-13","Drama"
"847","Battle of Shaker Heights, The",2003,90,1,6,854,"PG-13","RomCom"
"848","Birth",2004,100,20,6,2600,"R","Romance Drama"
"849","Blood and Wine",1996,101,26,6,2134,"R","Drama"
"850","Bruno",2000,108,10,6,295,"PG-13","Comedy Drama"
"851","Brylcreem Boys, The",1998,106,6,6,199,"PG-13","Romance Drama"
"852","Cecil B. DeMented",2000,87,10,6,3464,"R","Comedy"
"853","Children On Their Birthdays",2002,102,10,6,163,"PG","Drama"
"854","D.E.B.S.",2004,91,3.5,6,300,"PG-13","Action Comedy"
"855","Detroit Rock City",1999,95,15,6,4607,"R","Comedy"
"856","Dog of Flanders, A",1999,100,7,6,179,"PG","Drama"
"857","Down and Out with the Dolls",2001,88,1.2,6,37,"R","Comedy"
"858","Empire",2002,90,3.5,6,1718,"R","Action Drama"
"859","Flight of the Phoenix",2004,113,45,6,2732,"PG-13","Action"
"860","Four Rooms",1995,98,4,6,10675,"R","Comedy Drama"
"861","Frankenstein",1994,123,45,6,6941,"R","Drama"
"862","Gerry",2002,105,3.5,6,1944,"R","Drama"
"863","Golden Bowl, The",2000,130,15,6,1145,"R","Drama"
"864","Groove",2000,86,0.5,6,1171,"R","Drama"
"865","Hard Ball",2001,109,21,6,3083,"PG-13","Drama"
"866","Jumanji",1995,104,65,6,14874,"PG","Action Comedy"
"867","King Arthur",2004,140,90,6,14272,"R","Action Drama"
"868","Mad City",1997,115,50,6,3965,"PG-13","Drama"
"869","Man in the Iron Mask, The",1998,132,35,6,11127,"PG-13","Action Drama"
"870","Me, Myself & Irene",2000,116,51,6,21305,"R","Comedy"
"871","Mexican, The",2001,123,38,6,13935,"R","RomCom"
"872","Object of My Affection, The",1998,111,15,6,4027,"R","RomCom"
"873","Ocean's Twelve",2004,125,110,6,14797,"PG-13","Comedy"
"874","Once Upon a Time in Mexico",2003,102,29,6,14732,"R","Action"
"875","Perez Family, The",1995,113,11,6,517,"R","RomCom"
"876","Queen's Messenger II",2001,90,4,6,27,"R","Action"
"877","Rainbow Thief, The",1990,87,10,6,49,"R","Drama"
"878","Shaft",2000,99,46,6,13742,"R","Action"
"879","Shall We Dance",2004,106,40,6,3479,"PG-13","RomCom"
"880","She's the One",1996,96,3.5,6,3779,"R","RomCom"
"881","Slaughter Rule, The",2002,112,0.5,6,356,"R","Drama"
"882","Stigmata",1999,103,32,6,14062,"R","Drama"
"883","Stuart Little",1999,81,103,6,8009,"PG","Comedy"
"884","Three to Tango",1999,98,20,6,5719,"PG-13","RomCom"
"885","Twist",2003,97,0.35,6,197,"R","Drama"
"886","Undercover Brother",2002,85,25,6,5138,"PG-13","Action Comedy"
"887","Varsity Blues",1999,100,16,6,7974,"R","Drama"
"888","Wide Awake",1998,88,7,6,655,"PG","Comedy Drama"
"889","6th Day, The",2000,123,82,5.9,12064,"PG-13","Action"
"890","Alamo, The",2004,137,95,5.9,3060,"PG-13","Action Drama"
"891","Anywhere But Here",1999,114,23,5.9,4007,"PG-13","Drama"
"892","Baptists at Our Barbecue",2004,92,0.5,5.9,62,"PG","RomCom"
"893","Because of Winn-Dixie",2005,106,14,5.9,483,"PG","Comedy Drama"
"894","Bedazzled",2000,93,48,5.9,11439,"PG-13","Comedy"
"895","Big Daddy",1999,93,34.2,5.9,18258,"PG-13","Comedy"
"896","Brown Sugar",2002,109,8,5.9,941,"PG-13","RomCom"
"897","Captain Corelli's Mandolin",2001,131,57,5.9,5281,"R","Romance Drama"
"898","Craft, The",1996,101,15,5.9,9187,"R","Comedy Drama"
"899","Deep End of the Ocean, The",1999,106,40,5.9,2890,"PG-13","Drama"
"900","Deep Impact",1998,120,75,5.9,22684,"PG-13","Drama"
"901","Dirty Work",1998,82,13,5.9,4252,"PG-13","Comedy"
"902","Double Jeopardy",1999,105,40,5.9,13587,"R","Drama"
"903","Guru, The",2002,94,11,5.9,3505,"R","RomCom"
"904","Jakob the Liar",1999,120,15,5.9,2544,"PG-13","Comedy Drama"
"905","Love's Labour's Lost",2000,93,13,5.9,1254,"PG","RomCom"
"906","Men with Brooms",2002,102,7.5,5.9,1096,"R","RomCom"
"907","Novocaine",2001,95,6,5.9,2829,"R","Comedy Drama"
"908","Overnight Delivery",1998,87,12,5.9,1229,"PG-13","RomCom"
"909","Peacemaker, The",1997,124,50,5.9,8994,"R","Action"
"910","Pushing Tin",1999,119,33,5.9,7528,"R","Comedy Drama"
"911","S.W.A.T.",2003,117,80,5.9,12732,"PG-13","Action"
"912","Shark Tale",2004,90,75,5.9,7819,"PG","Animated"
"913","Siege, The",1998,116,70,5.9,9725,"R","Action Drama"
"914","Stuart Little 2",2002,82,120,5.9,2324,"PG","Comedy"
"915","Texas Chainsaw Massacre, The",2003,98,9.2,5.9,9587,"R","Action"
"916","Twister",1996,113,92,5.9,28315,"PG-13","Action Drama"
"917","Walking Tall",2004,87,56,5.9,4839,"PG-13","Action Drama"
"918","Wild in the Streets",1968,94,1,5.9,329,"R","Drama"
"919","Windtalkers",2002,153,115,5.9,9081,"R","Action Drama"
"920","Along Came Polly",2004,90,42,5.8,9785,"PG-13","RomCom"
"921","America's Sweethearts",2001,102,48,5.8,11849,"PG-13","RomCom"
"922","Awfully Big Adventure, An",1995,112,4,5.8,608,"R","Drama"
"923","Beach, The",2000,119,50,5.8,15020,"R","Drama"
"924","Bounce",2000,106,35,5.8,5390,"PG-13","Romance Drama"
"925","Charlie's Angels",2000,94,92,5.8,25705,"PG-13","Action Comedy"
"926","Cheaper by the Dozen",2003,98,40,5.8,5977,"PG","Comedy Drama"
"927","Confession, The",1999,114,4,5.8,519,"R","Drama"
"928","Critical Care",1997,107,12,5.8,397,"R","Comedy Drama"
"929","Dragonfly",2002,104,60,5.8,5431,"PG-13","Drama"
"930","Duets",2000,112,15,5.8,2414,"R","Comedy Drama"
"931","Eraser",1996,115,100,5.8,14641,"R","Action Drama"
"932","Evolution",2001,101,80,5.8,14232,"PG-13","Comedy"
"933","Forgotten, The",2004,94,42,5.8,8234,"PG-13","Drama"
"934","Freeze Frame",2004,99,2,5.8,189,"R","Drama"
"935","Go Fish",1994,84,0.015,5.8,621,"R","Romance Drama"
"936","Harriet the Spy",1996,100,13,5.8,845,"PG","Comedy Drama"
"937","Impostor",2002,102,40,5.8,3292,"R","Action Drama"
"938","Kansas City",1996,116,19,5.8,1077,"R","Drama"
"939","Life",1999,108,75,5.8,4857,"R","Comedy Drama"
"940","Mickey Blue Eyes",1999,102,40,5.8,7247,"PG-13","RomCom"
"941","Mousehunt",1997,99,38,5.8,4637,"PG","Action Comedy"
"942","Mrs. Winterbourne",1996,105,25,5.8,1310,"PG-13","RomCom"
"943","Mystery Men",1999,121,68,5.8,13331,"PG-13","Action Comedy"
"944","Nutty Professor, The",1996,95,54,5.8,12273,"PG-13","RomCom"
"945","Party Monster",2003,98,5,5.8,1976,"R","Drama"
"946","Reign of Fire",2002,101,95,5.8,11452,"PG-13","Action"
"947","Replacement Killers, The",1998,87,30,5.8,6825,"R","Action"
"948","Rock Star",2001,105,38,5.8,5100,"R","Comedy Drama"
"949","Romeo Must Die",2000,115,25,5.8,10229,"R","Action Drama"
"950","Sahara",2005,124,130,5.8,3004,"PG-13","Action Comedy"
"951","Small Soldiers",1998,110,40,5.8,6938,"PG-13","Action Comedy"
"952","Spy Kids 2: Island of Lost Dreams",2002,99,39,5.8,3175,"PG","Action Comedy"
"953","Sugar Town",1999,92,0.25,5.8,307,"R","Comedy"
"954","Sweet Home Alabama",2002,108,38,5.8,9943,"PG-13","RomCom"
"955","Triggermen",2002,96,12,5.8,317,"R","Comedy"
"956","Tromeo and Juliet",1996,108,0.35,5.8,1030,"R","Comedy Drama"
"957","Two Can Play That Game",2001,93,6,5.8,843,"R","RomCom"
"958","Two Weeks Notice",2002,101,60,5.8,15010,"PG-13","RomCom"
"959","Van Wilder",2002,94,6,5.8,7799,"R","Comedy"
"960","Very Bad Things",1998,100,10,5.8,10001,"R","Comedy"
"961","Win a Date with Tad Hamilton!",2004,95,24,5.8,2933,"PG-13","RomCom"
"962","Armageddon",1998,153,140,5.7,45330,"PG-13","Action"
"963","Around the World in 80 Days",2004,120,110,5.7,3887,"PG","Action Comedy"
"964","Assassins",1995,132,50,5.7,7354,"R","Action"
"965","At First Sight",1999,128,40,5.7,3441,"PG-13","Drama"
"966","Barbershop 2: Back in Business",2004,106,18,5.7,1580,"PG-13","Comedy"
"967","Big Hit, The",1998,91,13,5.7,6206,"R","Action Comedy"
"968","Blade: Trinity",2004,124,65,5.7,7439,"R","Action"
"969","Blue Crush",2002,104,30,5.7,4791,"PG-13","Romance Drama"
"970","Bridget Jones: The Edge of Reason",2004,108,70,5.7,6636,"R","RomCom"
"971","Broken Arrow",1996,108,65,5.7,14415,"R","Action"
"972","Cafe Society",1995,104,3.5,5.7,137,"R","Drama"
"973","Can't Be Heaven",2000,94,2,5.7,104,"PG","RomCom"
"974","Chamber, The",1996,113,50,5.7,2540,"R","Drama"
"975","Chasing Liberty",2004,111,23,5.7,1911,"PG-13","RomCom"
"976","Daddy Day Care",2003,92,60,5.7,3803,"PG","Comedy"
"977","Daredevil",2003,133,75,5.7,20642,"R","Action"
"978","Dead Man's Curve",1998,90,1,5.7,1241,"R","Comedy Drama"
"979","Devil's Own, The",1997,111,80,5.7,8485,"R","Action Drama"
"980","Duplex",2003,89,40,5.7,4334,"PG-13","Comedy"
"981","Falls, The",2003,85,0.075,5.7,29,"R","Drama"
"982","Fast and the Furious, The",2001,106,38,5.7,21428,"PG-13","Action"
"983","Get Over It",2001,87,10,5.7,3561,"PG-13","RomCom"
"984","Global Heresy",2002,106,12,5.7,373,"R","Drama"
"985","Gods and Generals",2003,209,56,5.7,3002,"PG-13","Action Drama"
"986","Gone in Sixty Seconds",2000,117,90,5.7,25400,"PG-13","Action"
"987","Grey Owl",1999,118,30,5.7,629,"PG-13","Drama"
"988","HipHopBattle.com: Hip Hop 4 Life",2001,98,0.012,5.7,15,"PG-13","RomCom"
"989","Hollywood North",2003,89,7,5.7,114,"R","Comedy"
"990","How the Grinch Stole Christmas",2000,104,123,5.7,12680,"PG","Comedy Drama"
"991","Last Man Standing",1996,101,67,5.7,6751,"R","Action Drama"
"992","Laws of Attraction",2004,90,28,5.7,2349,"PG-13","RomCom"
"993","Light It Up",1999,99,13,5.7,856,"R","Drama"
"994","Lucky 13",2004,95,1.2,5.7,151,"R","RomCom"
"995","Mirror Has Two Faces, The",1996,122,42,5.7,2775,"PG-13","RomCom"
"996","Mission: Impossible II",2000,123,125,5.7,35958,"PG-13","Action"
"997","Mr 3000",2004,104,30,5.7,1459,"PG-13","Comedy Drama"
"998","Multiplicity",1996,117,45,5.7,5241,"PG-13","Comedy"
"999","Nadja",1994,93,1,5.7,781,"R","Drama"
"1000","Never Again",2001,98,0.5,5.7,309,"R","RomCom"
"1001","Newton Boys, The",1998,113,27,5.7,2003,"PG-13","Action Drama"
"1002","One Night Stand",1997,102,24,5.7,1709,"R","Drama"
"1003","Saint, The",1997,116,70,5.7,12591,"PG-13","Action"
"1004","She's So Lovely",1997,100,18,5.7,2280,"R","RomCom"
"1005","Singles Ward, The",2002,102,0.5,5.7,291,"PG","RomCom"
"1006","Someone Like You...",2001,97,23,5.7,4249,"PG-13","RomCom"
"1007","Suspect Zero",2004,99,27,5.7,1310,"R","Drama"
"1008","Taxman, The",1999,104,1,5.7,169,"R","Action Comedy"
"1009","Triumph of Love, The",2001,112,5,5.7,423,"PG-13","RomCom"
"1010","Up Close & Personal",1996,124,60,5.7,3201,"PG-13","Romance Drama"
"1011","What a Girl Wants",2003,105,20,5.7,3533,"PG","RomCom"
"1012","Wisegirls",2002,96,11,5.7,792,"R","Drama"
"1013","100 Mile Rule",2002,98,1.1,5.6,181,"R","Comedy"
"1014","24 Hour Woman, The",1999,93,2.5,5.6,149,"R","Comedy"
"1015","All the Pretty Horses",2000,116,45,5.6,3133,"PG-13","Drama"
"1016","Angel Eyes",2001,102,38,5.6,4829,"R","Romance Drama"
"1017","Bait",2000,119,35,5.6,1884,"R","Action Comedy"
"1018","Banger Sisters, The",2002,98,10,5.6,3189,"R","Comedy Drama"
"1019","Beloved",1998,172,53,5.6,1934,"R","Drama"
"1020","Borrowers, The",1997,89,29,5.6,1457,"PG","Comedy"
"1021","Brady Bunch Movie, The",1995,90,12,5.6,4636,"PG-13","Comedy"
"1022","Bringing Down the House",2003,105,35,5.6,6501,"PG-13","Comedy"
"1023","Casper",1995,100,55,5.6,8798,"PG","Comedy"
"1024","Dante's Peak",1997,104,104,5.6,9203,"PG-13","Action Drama"
"1025","Deuce Bigalow: Male Gigolo",1999,88,18,5.6,9897,"R","Comedy"
"1026","Devil's Pond",2003,92,5,5.6,370,"R","Drama"
"1027","Double Whammy",2001,100,4,5.6,886,"R","Comedy Drama"
"1028","Eye for an Eye",1996,101,20,5.6,1843,"R","Drama"
"1029","Faithful",1996,91,13,5.6,414,"R","Comedy"
"1030","Father of the Bride Part II",1995,106,30,5.6,4089,"PG","Comedy"
"1031","First Knight",1995,134,75,5.6,8708,"PG-13","Romance Drama"
"1032","Garage Days",2002,106,6,5.6,597,"R","Comedy Drama"
"1033","Gojira ni-sen mireniamu",1999,99,1,5.6,1150,"PG","Action"
"1034","Grave, The",1996,90,4,5.6,303,"R","Comedy"
"1035","Jefferson in Paris",1995,139,14,5.6,665,"PG-13","Drama"
"1036","Johnny English",2003,87,35,5.6,8125,"PG","Action Comedy"
"1037","Jurassic Park III",2001,92,93,5.6,20690,"PG-13","Action"
"1038","Kiss the Sky",1999,107,6,5.6,263,"R","Romance Drama"
"1039","Liberty Stands Still",2002,92,11,5.6,1560,"R","Drama"
"1040","Little Vampire, The",2000,91,22,5.6,601,"PG","Comedy"
"1041","Mayerling",1968,140,5,5.6,154,"PG-13","Romance Drama"
"1042","Men in Black II",2002,88,140,5.6,21580,"PG-13","Action Comedy"
"1043","Mercury Rising",1998,108,60,5.6,8202,"R","Action Drama"
"1044","Monster-in-Law",2005,102,60,5.6,147,"PG-13","RomCom"
"1045","Muse, The",1999,97,15,5.6,3513,"PG-13","Comedy"
"1046","Net, The",1995,114,22,5.6,12201,"PG-13","Action Drama"
"1047","No Looking Back",1998,96,5,5.6,622,"R","RomCom"
"1048","Paparazzi",2004,84,20,5.6,2028,"PG-13","Drama"
"1049","Picture Perfect",1997,105,19,5.6,3019,"PG-13","RomCom"
"1050","Planet of the Apes",2001,119,100,5.6,28601,"PG-13","Action"
"1051","Repli-Kate",2002,121,4,5.6,791,"R","Comedy"
"1052","Resident Evil: Apocalypse",2004,94,50,5.6,10486,"R","Action"
"1053","Stand-In, The",1999,100,0.4,5.6,42,"PG","Drama"
"1054","Story of Us, The",1999,95,50,5.6,4953,"R","RomCom"
"1055","Teacher's Pet",2004,74,10,5.6,218,"PG","Animated"
"1056","Terror Tract",2000,96,11,5.6,281,"R","Comedy"
"1057","Undisputed",2002,96,20,5.6,1769,"R","Action Drama"
"1058","Vampires",1998,106,20,5.6,7908,"R","Action"
"1059","Vertical Limit",2000,124,75,5.6,10273,"PG-13","Action"
"1060","What Planet Are You From?",2000,104,50,5.6,2574,"R","Comedy"
"1061","Wicked Spring",2002,102,0.5,5.6,158,"PG-13","Drama"
"1062","Agent Cody Banks",2003,102,26,5.5,2655,"PG","Action Comedy"
"1063","Alexander",2004,175,150,5.5,11254,"R","Drama"
"1064","American Outlaws",2001,94,35,5.5,2878,"PG-13","Action Comedy"
"1065","Be Cool",2005,118,53,5.5,4560,"PG-13","Comedy"
"1066","Big Fat Liar",2002,88,15,5.5,2453,"PG","Comedy"
"1067","Blind Horizon",2003,99,5.1,5.5,801,"R","Drama"
"1068","Cable Guy, The",1996,96,47,5.5,16266,"PG-13","Comedy Drama"
"1069","Changing Habits",1997,95,1.2,5.5,134,"R","Comedy Drama"
"1070","Charly",2002,103,0.95,5.5,149,"PG","RomCom"
"1071","Curdled",1996,88,2.309723,5.5,959,"R","Comedy"
"1072","Deep Blue Sea",1999,105,78,5.5,17666,"R","Action"
"1073","Dickie Roberts: Former Child Star",2003,98,17,5.5,2076,"PG-13","Comedy"
"1074","Divine Secrets of the Ya-Ya Sisterhood",2002,116,27,5.5,4288,"PG-13","Comedy Drama"
"1075","Eight Legged Freaks",2002,99,30,5.5,6362,"PG-13","Action Comedy"
"1076","Escanaba in da Moonlight",2001,91,1,5.5,373,"PG-13","Comedy"
"1077","Forever Lulu",2000,99,20,5.5,257,"R","RomCom"
"1078","George of the Jungle",1997,92,55,5.5,6430,"PG","Comedy"
"1079","Hard Rain",1998,97,70,5.5,6161,"R","Action Drama"
"1080","House on Turk Street, The",2002,103,12,5.5,1048,"R","Drama"
"1081","How to Deal",2003,102,16,5.5,1537,"PG-13","RomCom"
"1082","Joe Somebody",2001,98,38,5.5,1937,"PG","RomCom"
"1083","Just the Ticket",1999,115,12,5.5,610,"R","RomCom"
"1084","Kama Sutra: A Tale of Love",1996,114,3,5.5,1491,"R","Romance Drama"
"1085","Lost World: Jurassic Park, The",1997,129,73,5.5,28055,"PG-13","Action"
"1086","Mary Reilly",1996,108,47,5.5,2806,"R","Drama"
"1087","Million Dollar Hotel, The",2000,122,8,5.5,4746,"R","Drama"
"1088","Molly",1999,102,21,5.5,610,"PG-13","RomCom"
"1089","Money Talks",1997,97,25,5.5,2720,"R","Action Comedy"
"1090","Mr. Deeds",2002,96,50,5.5,11729,"PG-13","RomCom"
"1091","Original Sin",2001,116,26,5.5,4592,"R","Romance Drama"
"1092","Reindeer Games",2000,124,36,5.5,7120,"R","Action Drama"
"1093","Saturn",1999,94,0.35,5.5,43,"R","Drama"
"1094","Scary Movie",2000,88,19,5.5,23293,"R","Comedy"
"1095","Shakes the Clown",1992,87,1.4,5.5,838,"R","Comedy"
"1096","She's All That",1999,95,10,5.5,13070,"PG-13","RomCom"
"1097","Showtime",2002,96,85,5.5,7689,"PG-13","Action Comedy"
"1098","Sweet November",2001,115,40,5.5,5458,"PG-13","RomCom"
"1099","Time Machine, The",2002,96,80,5.5,12424,"PG-13","Action"
"1100","Waterboy, The",1998,90,23,5.5,15539,"PG-13","Comedy"
"1101","xXx",2002,132,85,5.5,18514,"PG-13","Action"
"1102","200 Cigarettes",1999,101,6,5.4,4514,"R","Comedy Drama"
"1103","3000 Miles to Graceland",2001,125,62,5.4,7298,"R","Action Comedy"
"1104","40 Days and 40 Nights",2002,96,17,5.4,8609,"R","RomCom"
"1105","54",1998,100,13,5.4,6905,"R","Drama"
"1106","All About the Benjamins",2002,95,14,5.4,1250,"R","Action Comedy"
"1107","AVP: Alien Vs. Predator",2004,102,45,5.4,14651,"PG-13","Action"
"1108","Bad Company",2002,116,70,5.4,6175,"PG-13","Action Comedy"
"1109","Batman Forever",1995,122,100,5.4,24025,"PG-13","Action"
"1110","Bean",1997,90,22,5.4,9018,"PG-13","Comedy"
"1111","Beyond Borders",2003,127,35,5.4,1905,"R","Romance Drama"
"1112","Big Brass Ring, The",1999,104,7,5.4,271,"R","Drama"
"1113","Cats & Dogs",2001,87,60,5.4,6487,"PG","Comedy"
"1114","Commandments",1997,88,5,5.4,468,"R","RomCom"
"1115","Core, The",2003,135,74,5.4,7860,"PG-13","Action Drama"
"1116","Coyote Ugly",2000,100,45,5.4,13221,"R","RomCom"
"1117","Daylight",1996,110,80,5.4,6979,"PG-13","Action Drama"
"1118","Dead Man on Campus",1998,96,14,5.4,2829,"R","Comedy"
"1119","Deep Rising",1998,97,45,5.4,4626,"R","Action"
"1120","Doctor Dolittle",1998,85,71.5,5.4,8287,"PG-13","Comedy"
"1121","Domestic Disturbance",2001,91,53,5.4,4445,"PG-13","Drama"
"1122","Drowning Mona",2000,95,16,5.4,3454,"PG-13","Comedy"
"1123","End of Violence, The",1997,122,5,5.4,1575,"R","Drama"
"1124","Gun Shy",2000,101,10,5.4,1701,"R","RomCom"
"1125","Home on the Range",2004,76,110,5.4,1510,"PG","Animated"
"1126","Idle Hands",1999,92,20,5.4,5892,"R","Comedy"
"1127","Jeepers Creepers",2001,90,10,5.4,10973,"R","Drama"
"1128","Killing Me Softly",2002,104,25,5.4,1771,"R","Drama"
"1129","League of Extraordinary Gentlemen, The",2003,110,78,5.4,15647,"PG-13","Action"
"1130","Man Apart, A",2003,110,36,5.4,4231,"R","Action Drama"
"1131","Message in a Bottle",1999,126,30,5.4,5582,"PG-13","Romance Drama"
"1132","Mickey",2004,90,6,5.4,52,"PG","Drama"
"1133","New Jersey Drive",1995,98,5,5.4,348,"R","Drama"
"1134","Pearl Harbor",2001,184,135.25,5.4,33409,"R","Action Drama"
"1135","Practical Magic",1998,103,60,5.4,7786,"PG-13","Romance Drama"
"1136","Runaway Bride",1999,116,70,5.4,12624,"PG","RomCom"
"1137","Saving Silverman",2001,96,22,5.4,6684,"R","RomCom"
"1138","Skeletons in the Closet",2000,86,1.5,5.4,239,"R","Drama"
"1139","Sol Goode",2001,99,3,5.4,291,"R","Comedy"
"1140","Species",1995,108,35,5.4,8963,"R","Action Drama"
"1141","Stateside",2004,97,16,5.4,247,"R","Drama"
"1142","Trigger Effect, The",1996,94,8,5.4,1591,"R","Action Drama"
"1143","Van Helsing",2004,132,160,5.4,19787,"PG-13","Action"
"1144","Waterworld",1995,176,175,5.4,19325,"PG-13","Action Drama"
"1145","Wind River",1998,97,5.5,5.4,97,"PG-13","Drama"
"1146","Without a Paddle",2004,95,19,5.4,3605,"PG-13","Comedy"
"1147","World Traveler",2001,103,2,5.4,350,"R","Drama"
"1148","Beautiful",2000,112,9,5.3,991,"PG-13","Comedy Drama"
"1149","Blood, Guts, Bullets and Octane",1998,87,0.0073,5.3,285,"R","Action Comedy"
"1150","Cotton Mary",1999,124,3.5,5.3,164,"R","Drama"
"1151","Cradle 2 the Grave",2003,101,25,5.3,4164,"R","Action"
"1152","Crew, The",2000,84,23,5.3,1297,"PG-13","Comedy"
"1153","Crocodile Hunter: Collision Course, The",2002,90,13,5.3,1648,"PG","Comedy"
"1154","Deuces Wild",2002,100,10,5.3,1511,"R","Action Drama"
"1155","Double Tap",1997,87,8,5.3,184,"R","Action"
"1156","Drumline",2002,118,20,5.3,7368,"PG-13","RomCom"
"1157","End of Days",1999,121,83,5.3,18237,"R","Action"
"1158","Exit Wounds",2001,101,33,5.3,5370,"R","Action"
"1159","Guy Thing, A",2003,101,20,5.3,2885,"PG-13","RomCom"
"1160","Hav Plenty",1997,84,0.65,5.3,256,"R","Comedy"
"1161","Hollywood Sign, The",2001,90,12,5.3,196,"R","Comedy"
"1162","Hope Floats",1998,114,30,5.3,4382,"PG-13","RomCom"
"1163","I Spy",2002,97,70,5.3,5521,"PG-13","Action Comedy"
"1164","Juror, The",1996,118,44,5.3,2920,"R","Drama"
"1165","Kimberly",1999,106,2,5.3,231,"R","RomCom"
"1166","Last Time I Committed Suicide, The",1997,92,4,5.3,530,"R","Drama"
"1167","Loss of Sexual Innocence, The",1999,106,4,5.3,977,"R","Drama"
"1168","Love Stinks",1999,94,4,5.3,1311,"R","Comedy"
"1169","Lover Girl",1997,87,1,5.3,102,"R","Comedy Drama"
"1170","Max Keeble's Big Move",2001,86,12,5.3,587,"PG","Comedy"
"1171","Original Gangstas",1996,99,4.8,5.3,216,"R","Drama"
"1172","Pavilion of Women",2001,111,5,5.3,209,"R","Drama"
"1173","Possums",1998,97,1.4,5.3,66,"PG","Comedy Drama"
"1174","R.M., The",2003,101,0.5,5.3,213,"PG","Comedy"
"1175","Red Planet",2000,106,75,5.3,8623,"PG-13","Action"
"1176","Scary Movie 3",2003,84,45,5.3,9225,"PG-13","Comedy"
"1177","Scorpion King, The",2002,92,60,5.3,10111,"PG-13","Action"
"1178","Serpent's Kiss, The",1997,104,13,5.3,368,"R","Drama"
"1179","Singing Detective, The",2003,109,10,5.3,1184,"R","Comedy Drama"
"1180","Skulls, The",2000,106,15,5.3,6530,"PG-13","Drama"
"1181","Speedway Junky",1999,105,1,5.3,469,"R","Drama"
"1182","Stepford Wives, The",2004,93,90,5.3,7773,"PG-13","Comedy Drama"
"1183","Sugar & Spice",2001,84,11,5.3,2901,"PG-13","Comedy"
"1184","Urban Ghost Story",1998,82,0.3,5.3,167,"R","Drama"
"1185","Very Brady Sequel, A",1996,90,15,5.3,2183,"PG-13","Comedy"
"1186","Virtuosity",1995,106,30,5.3,4183,"R","Action"
"1187","Welcome to Mooseport",2004,117,26,5.3,2356,"PG-13","Comedy"
"1188","Woman on Top",2000,92,8,5.3,2094,"R","RomCom"
"1189","Black and White",1999,98,10,5.2,1699,"R","Drama"
"1190","Bride of Chucky",1998,89,25,5.2,4449,"R","Comedy"
"1191","Bride of the Wind",2001,99,12,5.2,201,"R","Drama"
"1192","Bulletproof Monk",2003,104,52,5.2,5405,"PG-13","Action Comedy"
"1193","Climb, The",2002,98,2.5,5.2,83,"PG","Action Drama"
"1194","Club Dread",2004,119,9,5.2,3432,"R","Comedy"
"1195","Collateral Damage",2002,108,85,5.2,8590,"R","Action"
"1196","Committed",2000,98,3,5.2,739,"R","Comedy Drama"
"1197","Elvira's Haunted Hills",2001,90,1.5,5.2,307,"PG-13","Comedy"
"1198","Final",2001,111,0.08,5.2,330,"R","Drama"
"1199","Hardware",1990,93,1.5,5.2,1323,"R","Action"
"1200","Hide and Seek",2005,101,30,5.2,3784,"R","Drama"
"1201","Hollywood Homicide",2003,116,75,5.2,5312,"PG-13","Action Comedy"
"1202","I Dreamed of Africa",2000,114,34,5.2,1113,"PG-13","Drama"
"1203","Jack",1996,113,45,5.2,5256,"PG-13","Comedy Drama"
"1204","Jackpot",2001,97,0.4,5.2,213,"R","Comedy Drama"
"1205","Josie and the Pussycats",2001,98,22,5.2,4508,"PG-13","Comedy"
"1206","Lake Placid",1999,82,27,5.2,7836,"R","Action Comedy"
"1207","Lara Croft Tomb Raider: The Cradle of Life",2003,117,90,5.2,9103,"PG-13","Action"
"1208","Lara Croft: Tomb Raider",2001,100,80,5.2,21861,"PG-13","Action"
"1209","Learning Curve, The",2001,113,1,5.2,177,"R","Drama"
"1210","Love Letter, The",1999,88,15,5.2,1258,"PG-13","Comedy Drama"
"1211","Man of the House",2005,97,40,5.2,511,"PG-13","Action Comedy"
"1212","Metro",1997,117,55,5.2,3560,"R","Action Comedy"
"1213","Mystic Masseur, The",2001,117,2.5,5.2,157,"PG","Drama"
"1214","New Guy, The",2002,89,13,5.2,4266,"PG-13","Comedy"
"1215","Next Friday",2000,98,9.5,5.2,3457,"R","Comedy"
"1216","Not Another Teen Movie",2001,89,16,5.2,10295,"R","Comedy"
"1217","Out Cold",2001,92,11,5.2,1990,"PG-13","Comedy"
"1218","Soldier",1998,98,75,5.2,5590,"R","Action"
"1219","Space Jam",1996,87,80,5.2,7995,"PG","Animated"
"1220","Ted Bundy",2002,99,1.2,5.2,852,"R","Drama"
"1221","Volcano",1997,104,90,5.2,8627,"PG-13","Action Drama"
"1222","Wedding Party, The",1969,92,0.043,5.2,94,"R","Comedy"
"1223","Whatever It Takes",2000,94,15,5.2,1771,"PG-13","RomCom"
"1224","2 Fast 2 Furious",2003,107,76,5.1,9556,"PG-13","Action"
"1225","Break Up",1998,100,9,5.1,393,"R","Drama"
"1226","Bubble Boy",2001,84,13,5.1,2904,"PG-13","RomCom"
"1227","Chain Reaction",1996,106,55,5.1,5936,"PG-13","Action Drama"
"1228","Country of My Skull",2004,104,12,5.1,194,"R","Drama"
"1229","Cutaway",2000,104,9,5.1,390,"R","Action"
"1230","Cutthroat Island",1995,119,92,5.1,3942,"PG-13","Action"
"1231","Delivered",1998,93,1,5.1,73,"R","Comedy Drama"
"1232","Dill Scallion",1999,91,0.5,5.1,136,"PG-13","Comedy"
"1233","Down to Earth",2001,87,30,5.1,3720,"PG-13","RomCom"
"1234","Dr. Dolittle 2",2001,87,72,5.1,4920,"PG","Comedy"
"1235","Drive Me Crazy",1999,91,8,5.1,2934,"PG-13","RomCom"
"1236","Heavy Metal 2000",2000,88,15,5.1,1148,"R","Animated"
"1237","Joe Dirt",2001,91,16,5.1,5514,"PG-13","RomCom"
"1238","Kung Pow: Enter the Fist",2002,82,10,5.1,5871,"PG-13","Action Comedy"
"1239","Loser",2000,92,20,5.1,5152,"PG-13","RomCom"
"1240","Money Train",1995,103,68,5.1,5081,"R","Action Comedy"
"1241","One Eyed King",2001,105,6.5,5.1,81,"R","Drama"
"1242","Play It to the Bone",1999,124,24,5.1,2645,"R","Comedy Drama"
"1243","Riders",2002,83,15,5.1,922,"R","Action"
"1244","Seed of Chucky",2004,87,12,5.1,1342,"R","Comedy"
"1245","Sgt. Bilko",1996,93,39,5.1,3712,"PG","Comedy"
"1246","Snow Dogs",2002,99,35,5.1,2379,"PG","Comedy"
"1247","Sorority Boys",2002,93,12,5.1,2398,"R","Comedy"
"1248","Tales from the Hood",1995,98,6,5.1,548,"R","Action"
"1249","Texas Rangers",2001,86,38,5.1,945,"PG-13","Drama"
"1250","Thir13en Ghosts",2001,87,20,5.1,8292,"R","Comedy"
"1251","Tuxedo, The",2002,98,60,5.1,6070,"PG-13","Action Comedy"
"1252","Waiting to Exhale",1995,127,15,5.1,1611,"R","Comedy Drama"
"1253","All the Queen's Men",2001,105,25,5,353,"PG-13","Action Comedy"
"1254","American Werewolf in Paris, An",1997,105,22,5,4302,"R","RomCom"
"1255","Bachelor, The",1999,101,21,5,4183,"PG-13","RomCom"
"1256","Bogus",1996,110,32,5,1007,"PG","Comedy Drama"
"1257","Charlie",2004,94,5,5,141,"R","Drama"
"1258","Charlie's Angels: Full Throttle",2003,107,120,5,13990,"PG-13","Action Comedy"
"1259","Chill Factor",1999,101,34,5,2542,"R","Action Comedy"
"1260","Daddy and Them",2001,101,4,5,364,"R","Comedy Drama"
"1261","Day Without a Mexican, A",2004,100,1.5,5,561,"R","Comedy Drama"
"1262","Different Loyalty, A",2004,96,13,5,135,"R","Romance Drama"
"1263","Dominion",1995,95,1.3,5,85,"R","Drama"
"1264","Exorcist: The Beginning",2004,114,30,5,4130,"R","Action"
"1265","First Love, Last Rites",1997,94,0.3,5,147,"R","Romance Drama"
"1266","Full Frontal",2002,101,2,5,3056,"R","RomCom"
"1267","Girl 6",1996,108,12,5,1453,"R","Comedy Drama"
"1268","Gravesend",1997,85,0.065,5,111,"R","Drama"
"1269","Haunted Mansion, The",2003,87,90,5,3341,"PG","Comedy"
"1270","How Stella Got Her Groove Back",1998,124,20,5,1475,"R","Romance Drama"
"1271","Joe's Apartment",1996,80,13,5,2169,"PG-13","Comedy"
"1272","Last Resort, The",1997,86,5,5,62,"PG-13","Action"
"1273","Lizzie McGuire Movie, The",2003,94,17,5,2541,"PG","Comedy"
"1274","Lucky Numbers",2000,105,65,5,2396,"R","Comedy"
"1275","Mortal Kombat",1995,101,20,5,8779,"PG-13","Action"
"1276","Out-of-Towners, The",1999,90,40,5,2919,"PG-13","Comedy"
"1277","Phantom, The",1996,100,45,5,3329,"PG","Action"
"1278","Search and Destroy",1995,90,4,5,402,"R","Comedy Drama"
"1279","See Spot Run",2001,94,16,5,1193,"PG","Comedy"
"1280","Simple Wish, A",1997,89,28,5,423,"PG","Comedy"
"1281","Teaching Mrs. Tingle",1999,96,13,5,5244,"PG-13","Comedy"
"1282","Wedding Date, The",2005,90,15,5,953,"PG-13","RomCom"
"1283","What's the Worst That Could Happen?",2001,97,45,5,2531,"PG-13","Comedy"
"1284","Ace Ventura: When Nature Calls",1995,90,30,4.9,15161,"PG-13","Comedy"
"1285","Boys and Girls",2000,94,16,4.9,3483,"PG-13","RomCom"
"1286","Cherry Falls",2000,92,14,4.9,2165,"R","Comedy"
"1287","Cinderella Story, A",2004,95,20,4.9,2755,"PG","RomCom"
"1288","Crow: Salvation, The",2000,102,25,4.9,1383,"R","Action Drama"
"1289","Eddie",1996,100,30,4.9,1348,"PG-13","Comedy"
"1290","Elektra",2005,96,43,4.9,5120,"PG-13","Action"
"1291","Enough",2002,115,38,4.9,4339,"PG-13","Drama"
"1292","Friday After Next",2002,85,20,4.9,1659,"R","Comedy"
"1293","Gloria",1999,108,30,4.9,1144,"R","Drama"
"1294","Harvard Man",2001,99,5.5,4.9,1157,"R","Romance Drama"
"1295","Head Over Heels",2001,86,14,4.9,2632,"PG-13","RomCom"
"1296","Holy Man",1998,114,60,4.9,3497,"PG","Comedy Drama"
"1297","Home Fries",1998,91,15,4.9,2374,"PG-13","RomCom"
"1298","How High",2001,95,12,4.9,2916,"R","Comedy"
"1299","Like Mike",2002,99,30,4.9,1484,"PG","Comedy"
"1300","Little Nicky",2000,90,80,4.9,9485,"PG-13","RomCom"
"1301","Malibu's Most Wanted",2003,86,16,4.9,2099,"PG-13","Comedy"
"1302","Pacifier, The",2005,95,56,4.9,2179,"PG","Action Comedy"
"1303","Red Baron, The",1971,97,0.9,4.9,120,"PG-13","Action Drama"
"1304","Shrink Is In, The",2001,87,6,4.9,319,"R","RomCom"
"1305","Soho Square",2000,79,0.007,4.9,45,"R","Drama"
"1306","Under Siege 2: Dark Territory",1995,99,60,4.9,5551,"R","Action Drama"
"1307","Wedding Planner, The",2001,103,35,4.9,7393,"PG-13","RomCom"
"1308","'Til There Was You",1997,113,23,4.8,799,"PG-13","RomCom"
"1309","Animal, The",2001,84,22,4.8,5605,"R","Comedy"
"1310","Ciao America",2002,100,5,4.8,27,"R","RomCom"
"1311","Company Man",2000,86,16,4.8,492,"PG-13","Comedy"
"1312","Double Take",2001,91,24,4.8,1503,"PG-13","Action Comedy"
"1313","Dr T and the Women",2000,122,12,4.8,4776,"R","RomCom"
"1314","Escape from L.A.",1996,101,50,4.8,7955,"R","Action"
"1315","Facade",2000,93,6,4.8,93,"R","Action"
"1316","Garfield",2004,80,50,4.8,4775,"PG","Animated"
"1317","Going Greek",2001,90,0.198,4.8,261,"R","Comedy"
"1318","Here on Earth",2000,93,15,4.8,2187,"PG-13","Romance Drama"
"1319","Hey Arnold! The Movie",2002,76,10,4.8,425,"PG","Animated"
"1320","In the Shadows",2001,105,10,4.8,268,"R","Drama"
"1321","Isn't She Great",2000,95,36,4.8,688,"R","RomCom"
"1322","Jade",1995,107,50,4.8,2380,"R","Action Drama"
"1323","On the Border",1998,103,3,4.8,165,"R","Drama"
"1324","Random Hearts",1999,133,64,4.8,5919,"R","Romance Drama"
"1325","Rugrats Go Wild!",2003,81,25,4.8,423,"PG","Animated"
"1326","Scooby-Doo",2002,86,84,4.8,9618,"PG","Comedy"
"1327","Screwed",2000,78,10,4.8,1592,"PG-13","Comedy"
"1328","Solitaire for 2",1995,106,1.5,4.8,122,"R","RomCom"
"1329","Spanish Judges",1999,98,3.5,4.8,178,"R","Drama"
"1330","Trois 3: The Escort",2004,95,1,4.8,38,"R","Drama"
"1331","Unstoppable",2004,96,15,4.8,579,"R","Action Comedy"
"1332","Whole Ten Yards, The",2004,98,40,4.8,4133,"PG-13","Comedy"
"1333","Abandon",2002,99,25,4.7,2364,"PG-13","Drama"
"1334","Air Bud",1997,98,3,4.7,1276,"PG","Comedy Drama"
"1335","Autumn in New York",2000,103,40,4.7,3731,"PG-13","Romance Drama"
"1336","Big Bounce, The",2004,88,50,4.7,2505,"PG-13","Comedy"
"1337","Big Momma's House",2000,98,30,4.7,7509,"PG-13","Comedy"
"1338","Breed, The",2001,91,4,4.7,582,"R","Action"
"1339","Crocodile Dundee in Los Angeles",2001,92,25,4.7,2698,"PG","Comedy Drama"
"1340","D-Tox",2002,92,55,4.7,2742,"R","Drama"
"1341","Down to You",2000,91,9,4.7,3232,"PG-13","RomCom"
"1342","Fathers' Day",1997,98,85,4.7,2714,"PG-13","Comedy"
"1343","Free Money",1998,91,30,4.7,619,"R","Comedy"
"1344","Get Carter",2000,104,40,4.7,4927,"R","Action Drama"
"1345","Good Boy!",2003,88,18,4.7,683,"PG","Comedy Drama"
"1346","Greenskeeper, The",2002,90,0.08,4.7,38,"R","Comedy"
"1347","Jingle All the Way",1996,88,60,4.7,6246,"PG","Action Comedy"
"1348","Little Black Book",2004,111,35,4.7,1894,"PG-13","RomCom"
"1349","Lost in Space",1998,130,80,4.7,15209,"PG-13","Action"
"1350","Monkeybone",2001,92,75,4.7,3112,"PG-13","Animated"
"1351","Monsoon Wife",2004,92,1,4.7,15,"R","Drama"
"1352","Next Best Thing, The",2000,108,25,4.7,3131,"PG-13","Comedy Drama"
"1353","Out-of-Sync",1995,105,1.5,4.7,37,"R","Drama"
"1354","P.S. Your Cat Is Dead",2002,88,2,4.7,185,"R","Comedy"
"1355","Raising the Stakes",1999,88,0.1,4.7,24,"R","Romance Drama"
"1356","Silent Trigger",1996,90,15,4.7,432,"R","Action Drama"
"1357","Simply Irresistible",1999,94,6,4.7,3083,"PG-13","RomCom"
"1358","Slackers",2002,86,11,4.7,2755,"R","Comedy"
"1359","Slap Her... She's French",2002,92,10,4.7,811,"PG-13","Comedy"
"1360","Spy Kids 3-D: Game Over",2003,84,39,4.7,2597,"PG","Action Comedy"
"1361","Stealing Harvard",2002,82,25,4.7,2547,"PG-13","Comedy Drama"
"1362","Sweetest Thing, The",2002,90,43,4.7,8284,"R","RomCom"
"1363","Tomcats",2001,95,11,4.7,3717,"R","Comedy"
"1364","Velocity of Gary, The",1998,100,4,4.7,570,"R","RomCom"
"1365","Wild Angels, The",1966,93,0.36,4.7,212,"R","Action Drama"
"1366","Wild Thornberrys Movie, The",2002,85,35,4.7,4008,"PG","Animated"
"1367","Charlotte Sometimes",2002,85,0.08,4.6,555,"R","Drama"
"1368","Corky Romano",2001,86,11,4.6,2463,"PG-13","Comedy"
"1369","Dude, Where's My Car?",2000,83,13,4.6,13330,"PG-13","Comedy"
"1370","Eighteenth Angel, The",1998,95,25,4.6,557,"R","Action"
"1371","Frankenfish",2004,84,3,4.6,309,"R","Action Comedy"
"1372","Freeway II: Confessions of a Trickbaby",1999,90,2,4.6,666,"R","Drama"
"1373","Ghosts of Mars",2001,98,28,4.6,6368,"R","Action"
"1374","Held Up",1999,89,8,4.6,555,"PG-13","Comedy"
"1375","Hometown Legend",2002,108,2,4.6,186,"PG","Drama"
"1376","Jimmy Show, The",2001,99,1,4.6,145,"R","Comedy Drama"
"1377","Judge Dredd",1995,96,90,4.6,9979,"R","Action"
"1378","Judgment",2001,105,11,4.6,106,"PG-13","Drama"
"1379","Lot Like Love, A",2005,107,30,4.6,786,"PG-13","RomCom"
"1380","Maid in Manhattan",2002,105,55,4.6,12237,"PG-13","RomCom"
"1381","Men of War",1994,99,12,4.6,397,"R","Action Drama"
"1382","Mercy Streets",2000,106,0.6,4.6,149,"PG-13","Action Drama"
"1383","Peacekeeper, The",1997,98,10,4.6,505,"R","Action"
"1384","Point Men, The",2001,88,6.1,4.6,266,"R","Action"
"1385","Resurrection Man",1998,102,4,4.6,214,"R","Drama"
"1386","Say It Isn't So",2001,93,25,4.6,3144,"R","RomCom"
"1387","Serving Sara",2002,99,29,4.6,2990,"PG-13","RomCom"
"1388","Snow Day",2000,89,13,4.6,1645,"PG","RomCom"
"1389","Spawn",1997,98,40,4.6,7523,"PG-13","Action"
"1390","Starkweather",2004,92,1,4.6,89,"R","Drama"
"1391","Steal Big Steal Little",1995,135,35,4.6,263,"PG-13","Comedy"
"1392","Tank Girl",1995,104,25,4.6,4400,"R","Action Comedy"
"1393","Tart",2001,94,3.3,4.6,714,"R","Drama"
"1394","Belly",1998,96,10,4.5,1034,"R","Drama"
"1395","Blues Brothers 2000",1998,123,28,4.5,5267,"PG-13","Comedy"
"1396","Boat Trip",2002,97,20,4.5,2991,"R","Comedy"
"1397","Carpool",1996,89,17,4.5,829,"PG","Comedy"
"1398","Catch That Kid",2004,91,18,4.5,598,"PG","Action Comedy"
"1399","Christmas with the Kranks",2004,98,60,4.5,1520,"PG","Comedy"
"1400","Coronado",2003,88,4.7,4.5,411,"PG-13","Action Comedy"
"1401","Fire Over Afghanistan",2003,92,0.155,4.5,67,"R","Action Drama"
"1402","Jack Frost",1998,101,50,4.5,2130,"PG","Comedy Drama"
"1403","Legionnaire",1998,98,35,4.5,1773,"R","Action"
"1404","Medallion, The",2003,88,41,4.5,2765,"PG-13","Action Comedy"
"1405","My Favorite Martian",1999,93,60,4.5,1942,"PG","Comedy"
"1406","Nutty Professor II: The Klumps",2000,109,84,4.5,5825,"PG-13","Comedy"
"1407","Packing Suburbia, A",1999,90,0.04,4.5,38,"R","Drama"
"1408","Revelation",1999,98,5,4.5,203,"PG-13","Action Drama"
"1409","Shadow Conspiracy",1997,103,45,4.5,1078,"R","Action"
"1410","Smile Like Yours, A",1997,98,18,4.5,348,"R","RomCom"
"1411","Space Truckers",1996,95,25,4.5,1460,"PG-13","Comedy"
"1412","Spy Hard",1996,81,18,4.5,4686,"PG-13","Action Comedy"
"1413","Summer Catch",2001,105,17,4.5,2581,"PG-13","RomCom"
"1414","Superstar",1999,81,14,4.5,2880,"PG-13","Comedy"
"1415","Swimfan",2002,85,8.5,4.5,3863,"PG-13","Drama"
"1416","Time Changer",2002,95,0.825,4.5,304,"PG","Drama"
"1417","Touch, The",2002,103,20,4.5,417,"PG-13","Action"
"1418","Town & Country",2001,104,90,4.5,1434,"R","Comedy"
"1419","Bad Moon",1996,80,7,4.4,519,"R","Action"
"1420","Confessions of a Teenage Drama Queen",2004,89,15,4.4,2205,"PG","Comedy"
"1421","Congo",1995,109,50,4.4,8058,"PG-13","Action"
"1422","Driven",2001,116,72,4.4,7129,"PG-13","Action Drama"
"1423","Firestorm",1998,89,19,4.4,987,"R","Action"
"1424","Hanging Up",2000,94,40,4.4,3129,"PG-13","Comedy Drama"
"1425","Hidden Assassin",1995,89,11,4.4,245,"R","Action Drama"
"1426","Highlander: Endgame",2000,101,15,4.4,3773,"R","Action"
"1427","Legally Blonde 2: Red, White & Blonde",2003,95,45,4.4,6293,"PG-13","Comedy"
"1428","Musketeer, The",2001,104,40,4.4,3966,"PG-13","Action Drama"
"1429","No Code of Conduct",1998,95,12,4.4,314,"R","Action Drama"
"1430","Pep Squad",1998,94,0.5,4.4,120,"R","Comedy"
"1431","Scarlet Letter, The",1995,135,50,4.4,2426,"R","Romance Drama"
"1432","Thin Line Between Love and Hate, A",1996,108,8,4.4,458,"R","RomCom"
"1433","Thunderbirds",2004,95,57,4.4,1419,"PG","Action Comedy"
"1434","Vampire in Brooklyn",1995,100,14,4.4,2716,"R","RomCom"
"1435","Whipped",2000,82,3,4.4,1562,"R","RomCom"
"1436","Adventures of Rocky & Bullwinkle, The",2000,88,76,4.3,4815,"PG","Animated"
"1437","Dead Babies",2000,100,1,4.3,172,"R","Comedy"
"1438","Dead Hate the Living!, The",2000,90,0.15,4.3,496,"R","Comedy"
"1439","Envy",2004,99,40,4.3,3417,"PG-13","Comedy"
"1440","Freddy's Dead: The Final Nightmare",1991,93,5,4.3,3618,"R","Comedy"
"1441","Raise Your Voice",2004,103,15,4.3,1626,"PG","Romance Drama"
"1442","Rock 'n' Roll Frankenstein",1999,88,0.25,4.3,66,"R","Comedy"
"1443","Sons of Provo",2004,93,0.2,4.3,35,"PG","Comedy"
"1444","Yo puta",2004,76,6,4.3,151,"R","Drama"
"1445","Belly of the Beast",2003,91,18,4.2,638,"R","Action"
"1446","Big Bully",1996,90,15,4.2,781,"PG","Comedy Drama"
"1447","Breakfast of Champions",1999,110,12,4.2,2250,"R","Comedy"
"1448","Brooklyn Bound",2004,90,0.07,4.2,30,"R","Drama"
"1449","Claustrophobia",2003,79,0.114,4.2,90,"R","Comedy"
"1450","Decoys",2004,95,5,4.2,580,"R","Comedy"
"1451","Dr. Jekyll and Ms. Hyde",1995,90,8,4.2,573,"PG-13","Comedy"
"1452","Era of Vampire, The",2002,90,1,4.2,329,"R","Action"
"1453","Fortress 2",1999,92,11,4.2,1027,"R","Action"
"1454","Granny, The",1995,85,1,4.2,142,"R","Comedy"
"1455","Hairshirt",1998,89,0.065,4.2,242,"R","RomCom"
"1456","Hidden Agenda",2001,98,5,4.2,266,"R","Action"
"1457","Ice Cream Man",1995,84,2,4.2,349,"R","Comedy"
"1458","Kicked in the Head",1997,87,4,4.2,271,"R","Comedy Drama"
"1459","Perfect Target",1997,89,3.5,4.2,55,"R","Action"
"1460","Scary Movie 2",2001,83,45,4.2,12035,"R","Comedy"
"1461","Absolon",2003,96,8,4.1,548,"R","Action"
"1462","Black Knight",2001,95,50,4.1,3822,"PG-13","Comedy"
"1463","Boogeyman",2005,89,20,4.1,2055,"PG-13","Drama"
"1464","Civil Brand",2002,95,0.5,4.1,102,"R","Drama"
"1465","Demolitionist, The",1995,100,1,4.1,238,"R","Action"
"1466","Detention",2003,98,10,4.1,223,"R","Action Drama"
"1467","Full Clip",2004,95,0.5,4.1,72,"R","Action"
"1468","My Boss's Daughter",2003,90,14,4.1,2765,"R","RomCom"
"1469","On the Line",2001,85,10,4.1,1013,"PG","RomCom"
"1470","Pootie Tang",2001,70,3,4.1,1921,"PG-13","Action Comedy"
"1471","Savage",1995,99,5,4.1,93,"R","Action"
"1472","Sleepover",2004,89,10,4.1,733,"PG","Comedy"
"1473","Breathing Room",1996,90,0.5,4,39,"R","RomCom"
"1474","Chopin. Pragnienie milosci",2002,134,3.5,4,55,"R","Romance Drama"
"1475","Dungeons & Dragons",2000,107,35,4,7435,"PG-13","Action"
"1476","Extreme Ops",2002,94,40,4,1337,"PG-13","Action"
"1477","Good Burger",1997,103,9,4,1714,"PG","Comedy"
"1478","In Crowd, The",2000,104,15,4,1342,"PG-13","Drama"
"1479","Inspector Gadget",1999,78,75,4,5288,"PG","Action Comedy"
"1480","Into the Sun",2005,97,16,4,481,"R","Action"
"1481","Lengua asesina, La",1996,98,4,4,244,"R","Comedy"
"1482","Route 666",2001,86,2.3,4,487,"R","Action"
"1483","Soul Assassin",2001,96,7,4,376,"R","Action"
"1484","Wild Wild West",1999,107,170,4,19078,"PG-13","Action Comedy"
"1485","Adventures of Pluto Nash, The",2002,95,100,3.9,2543,"PG-13","Action Comedy"
"1486","Diary of a Mad Black Woman",2005,116,5.5,3.9,837,"PG-13","Comedy Drama"
"1487","Fair Game",1995,91,50,3.9,2579,"R","Action Comedy"
"1488","Half Past Dead",2002,98,30,3.9,2099,"PG-13","Action"
"1489","Honey",2003,94,17,3.9,3067,"PG-13","Romance Drama"
"1490","Juwanna Mann",2002,91,15.6,3.9,885,"PG-13","Comedy"
"1491","Kangaroo Jack",2003,89,60,3.9,3661,"PG","Comedy"
"1492","My Life's in Turnaround",1993,84,0.022,3.9,196,"R","Comedy"
"1493","Sweepers",1999,93,12.5,3.9,276,"R","Action"
"1494","xXx: State of the Union",2005,101,87,3.9,1584,"PG-13","Action"
"1495","Agent Cody Banks 2: Destination London",2004,100,26,3.8,919,"PG","Action Comedy"
"1496","Claudine's Return",1998,91,2,3.8,80,"R","Romance Drama"
"1497","Crow: City of Angels, The",1996,84,13,3.8,3656,"R","Action"
"1498","Evil Alien Conquerors",2002,89,0.5,3.8,111,"PG-13","Comedy"
"1499","Fantasma dell'opera, Il",1998,106,10,3.8,910,"R","Romance Drama"
"1500","Gone Fishin'",1997,94,53,3.8,1884,"PG","Comedy"
"1501","Knock Off",1998,91,35,3.8,1947,"R","Action"
"1502","Man-Thing",2005,96,30,3.8,163,"R","Action"
"1503","Pest, The",1997,84,17,3.8,1405,"PG-13","Comedy"
"1504","Skin Deep",2003,89,0.4,3.8,31,"R","Action Comedy"
"1505","Striptease",1996,117,50,3.8,7998,"R","Comedy Drama"
"1506","Swept Away",2002,89,10,3.8,2113,"R","RomCom"
"1507","Untold, The",2002,92,3,3.8,400,"R","Action"
"1508","Wild Ride, The",1960,88,0.03,3.8,56,"PG-13","Drama"
"1509","Beowulf",1999,99,20,3.7,2058,"R","Action"
"1510","Bridge of Dragons",1999,95,4,3.7,373,"R","Action"
"1511","Flintstones in Viva Rock Vegas, The",2000,90,58,3.7,1712,"PG","Comedy"
"1512","Highlander III: The Sorcerer",1994,102,26,3.7,3388,"PG-13","Action"
"1513","McHale's Navy",1997,108,42,3.7,1758,"PG","Comedy"
"1514","Out of Reach",2004,88,20,3.7,399,"R","Action Drama"
"1515","Wing Commander",1999,96,30,3.7,4854,"PG-13","Action"
"1516","Batman & Robin",1997,125,110,3.6,28457,"PG-13","Action"
"1517","Dudley Do-Right",1999,77,22,3.6,1790,"PG","Comedy"
"1518","Johnson Family Vacation",2004,97,12,3.6,955,"PG-13","Comedy"
"1519","Tarzan and the Lost City",1998,83,20,3.6,510,"PG","Action"
"1520","Warriors of Virtue",1997,101,35,3.6,389,"PG","Action"
"1521","Are We There Yet?",2005,95,32,3.5,1043,"PG","Comedy"
"1522","Diplomatic Siege",1999,96,45,3.5,340,"R","Action"
"1523","Down Time",2001,90,0.02,3.5,55,"R","Drama"
"1524","Dusting Cliff 7",1996,95,1.3,3.5,80,"R","Action Drama"
"1525","Freddy Got Fingered",2001,87,15,3.5,9115,"R","Comedy"
"1526","Rancid Aluminium",2000,88,12,3.5,352,"R","Drama"
"1527","Woo",1998,84,13,3.5,407,"R","RomCom"
"1528","Avengers, The",1998,89,60,3.4,11499,"PG-13","Action"
"1529","Ballistic: Ecks vs. Sever",2002,91,70,3.4,4556,"R","Action"
"1530","Catwoman",2004,104,85,3.4,8815,"PG-13","Action"
"1531","Derailed",2002,89,18,3.4,1075,"R","Action"
"1532","Digimon: The Movie",2000,82,5,3.4,455,"PG","Animated"
"1533","Highlander II: The Quickening",1991,92,30,3.4,9264,"R","Action"
"1534","Legion of the Dead",2001,92,2.7,3.4,374,"R","Comedy"
"1535","Meet the Deedles",1998,93,24,3.4,443,"PG","Comedy"
"1536","Dumb and Dumberer: When Harry Met Lloyd",2003,85,19,3.3,4689,"PG-13","Comedy"
"1537","Fascination",2004,95,5,3.3,124,"R","Romance Drama"
"1538","Speed 2: Cruise Control",1997,121,110,3.3,13268,"PG-13","Action"
"1539","Alan Smithee Film: Burn Hollywood Burn, An",1997,86,10,3.2,1262,"R","Comedy"
"1540","Cat in the Hat, The",2003,82,109,3.2,4997,"PG","Comedy"
"1541","I Got the Hook Up",1998,93,3.5,3.2,412,"R","Comedy"
"1542","Minion, The",1998,95,12,3.2,338,"R","Action"
"1543","Soul Plane",2004,92,16,3.2,2361,"R","Comedy"
"1544","Torque",2004,81,40,3.2,4050,"PG-13","Action"
"1545","Crossroads",2002,93,12,3.1,8546,"PG-13","RomCom"
"1546","Foreigner, The",2003,96,20,3.1,904,"R","Action"
"1547","Hillz, The",2004,91,0.1,3.1,80,"R","Comedy Drama"
"1548","Air Marshal",2003,90,0.5,3,81,"R","Action"
"1549","Day of Defense",2003,102,0.5,3,8,"PG","Drama"
"1550","Mortal Kombat: Annihilation",1997,91,30,3,5799,"PG-13","Action"
"1551","Out for a Kill",2003,88,20,3,818,"R","Action"
"1552","Spice World",1997,93,25,3,7710,"PG","Comedy"
"1553","Bug Buster",1998,93,8.5,2.9,268,"PG-13","Action Comedy"
"1554","Last Patrol, The",2000,95,8.2,2.9,236,"PG-13","Action Drama"
"1555","Master of Disguise, The",2002,80,16,2.9,3903,"PG","Comedy"
"1556","Frostbite",2005,83,2.4,2.8,201,"R","Comedy"
"1557","Killers",1997,86,0.1,2.8,127,"R","Action"
"1558","Marci X",2003,80,20,2.8,741,"R","Comedy"
"1559","November",2004,73,0.3,2.8,164,"R","Drama"
"1560","Rollerball",2002,97,70,2.8,5328,"R","Action"
"1561","Luminarias",2000,100,1,2.7,381,"R","RomCom"
"1562","One Hell of a Christmas",2002,94,0.4,2.7,70,"R","Comedy"
"1563","Room, The",2003,99,6,2.7,81,"R","RomCom"
"1564","Chairman of the Board",1998,95,10,2.6,666,"PG-13","Comedy"
"1565","Steel",1997,97,16,2.6,1607,"PG-13","Action"
"1566","2001: A Space Travesty",2000,99,26,2.5,2023,"R","Comedy"
"1567","Baby Geniuses",1999,97,13,2.4,3142,"PG","Comedy"
"1568","Battlefield Earth: A Saga of the Year 3000",2000,119,73,2.4,14970,"PG-13","Action"
"1569","Rachel's Attic",2002,112,0.083,2.4,58,"R","Action Drama"
"1570","Vault, The",2005,87,0.1,2.4,64,"PG-13","Action"
"1571","Gigli",2003,121,54,2.3,11285,"R","RomCom"
"1572","Helix... Loaded, The",2005,97,1,2.3,33,"R","Action Comedy"
"1573","House of the Dead",2003,90,7,2.3,3921,"R","Action"
"1574","Theodore Rex",1995,92,33,2.2,567,"PG","Comedy"
"1575","Alone in the Dark",2005,96,20,2.1,2880,"R","Action"
"1576","Glitter",2001,104,22,2.1,5209,"PG-13","Romance Drama"
"1577","Son of the Mask",2005,94,74,1.9,1785,"PG","Action Comedy"
"1578","You Got Served",2004,95,8,1.9,6041,"PG-13","Drama"
"1579","From Justin to Kelly",2003,90,12,1.7,6517,"PG","RomCom"
