"","location","station_id","temperature","month_name","month","day","date","day_of_year"
"1","Death Valley","USC00042319",51,"Jan",1,1,"0000-01-01",1
"2","Death Valley","USC00042319",51.2,"Jan",1,2,"0000-01-02",2
"3","Death Valley","USC00042319",51.3,"Jan",1,3,"0000-01-03",3
"4","Death Valley","USC00042319",51.4,"Jan",1,4,"0000-01-04",4
"5","Death Valley","USC00042319",51.6,"Jan",1,5,"0000-01-05",5
"6","Death Valley","USC00042319",51.7,"Jan",1,6,"0000-01-06",6
"7","Death Valley","USC00042319",51.9,"Jan",1,7,"0000-01-07",7
"8","Death Valley","USC00042319",52,"Jan",1,8,"0000-01-08",8
"9","Death Valley","USC00042319",52.2,"Jan",1,9,"0000-01-09",9
"10","Death Valley","USC00042319",52.3,"Jan",1,10,"0000-01-10",10
"11","Death Valley","USC00042319",52.5,"Jan",1,11,"0000-01-11",11
"12","Death Valley","USC00042319",52.7,"Jan",1,12,"0000-01-12",12
"13","Death Valley","USC00042319",52.9,"Jan",1,13,"0000-01-13",13
"14","Death Valley","USC00042319",53,"Jan",1,14,"0000-01-14",14
"15","Death Valley","USC00042319",53.2,"Jan",1,15,"0000-01-15",15
"16","Death Valley","USC00042319",53.4,"Jan",1,16,"0000-01-16",16
"17","Death Valley","USC00042319",53.6,"Jan",1,17,"0000-01-17",17
"18","Death Valley","USC00042319",53.7,"Jan",1,18,"0000-01-18",18
"19","Death Valley","USC00042319",53.9,"Jan",1,19,"0000-01-19",19
"20","Death Valley","USC00042319",54.1,"Jan",1,20,"0000-01-20",20
"21","Death Valley","USC00042319",54.3,"Jan",1,21,"0000-01-21",21
"22","Death Valley","USC00042319",54.5,"Jan",1,22,"0000-01-22",22
"23","Death Valley","USC00042319",54.6,"Jan",1,23,"0000-01-23",23
"24","Death Valley","USC00042319",54.8,"Jan",1,24,"0000-01-24",24
"25","Death Valley","USC00042319",55,"Jan",1,25,"0000-01-25",25
"26","Death Valley","USC00042319",55.2,"Jan",1,26,"0000-01-26",26
"27","Death Valley","USC00042319",55.4,"Jan",1,27,"0000-01-27",27
"28","Death Valley","USC00042319",55.6,"Jan",1,28,"0000-01-28",28
"29","Death Valley","USC00042319",55.8,"Jan",1,29,"0000-01-29",29
"30","Death Valley","USC00042319",56,"Jan",1,30,"0000-01-30",30
"31","Death Valley","USC00042319",56.2,"Jan",1,31,"0000-01-31",31
"32","Death Valley","USC00042319",56.4,"Feb",2,1,"0000-02-01",32
"33","Death Valley","USC00042319",56.6,"Feb",2,2,"0000-02-02",33
"34","Death Valley","USC00042319",56.8,"Feb",2,3,"0000-02-03",34
"35","Death Valley","USC00042319",57,"Feb",2,4,"0000-02-04",35
"36","Death Valley","USC00042319",57.2,"Feb",2,5,"0000-02-05",36
"37","Death Valley","USC00042319",57.5,"Feb",2,6,"0000-02-06",37
"38","Death Valley","USC00042319",57.7,"Feb",2,7,"0000-02-07",38
"39","Death Valley","USC00042319",57.9,"Feb",2,8,"0000-02-08",39
"40","Death Valley","USC00042319",58.2,"Feb",2,9,"0000-02-09",40
"41","Death Valley","USC00042319",58.4,"Feb",2,10,"0000-02-10",41
"42","Death Valley","USC00042319",58.7,"Feb",2,11,"0000-02-11",42
"43","Death Valley","USC00042319",58.9,"Feb",2,12,"0000-02-12",43
"44","Death Valley","USC00042319",59.2,"Feb",2,13,"0000-02-13",44
"45","Death Valley","USC00042319",59.5,"Feb",2,14,"0000-02-14",45
"46","Death Valley","USC00042319",59.8,"Feb",2,15,"0000-02-15",46
"47","Death Valley","USC00042319",60.1,"Feb",2,16,"0000-02-16",47
"48","Death Valley","USC00042319",60.3,"Feb",2,17,"0000-02-17",48
"49","Death Valley","USC00042319",60.6,"Feb",2,18,"0000-02-18",49
"50","Death Valley","USC00042319",60.9,"Feb",2,19,"0000-02-19",50
"51","Death Valley","USC00042319",61.2,"Feb",2,20,"0000-02-20",51
"52","Death Valley","USC00042319",61.6,"Feb",2,21,"0000-02-21",52
"53","Death Valley","USC00042319",61.9,"Feb",2,22,"0000-02-22",53
"54","Death Valley","USC00042319",62.2,"Feb",2,23,"0000-02-23",54
"55","Death Valley","USC00042319",62.5,"Feb",2,24,"0000-02-24",55
"56","Death Valley","USC00042319",62.8,"Feb",2,25,"0000-02-25",56
"57","Death Valley","USC00042319",63.2,"Feb",2,26,"0000-02-26",57
"58","Death Valley","USC00042319",63.5,"Feb",2,27,"0000-02-27",58
"59","Death Valley","USC00042319",63.8,"Feb",2,28,"0000-02-28",59
"60","Death Valley","USC00042319",64,"Feb",2,29,"0000-02-29",60
"61","Death Valley","USC00042319",64.1,"Mar",3,1,"0000-03-01",61
"62","Death Valley","USC00042319",64.5,"Mar",3,2,"0000-03-02",62
"63","Death Valley","USC00042319",64.8,"Mar",3,3,"0000-03-03",63
"64","Death Valley","USC00042319",65.1,"Mar",3,4,"0000-03-04",64
"65","Death Valley","USC00042319",65.4,"Mar",3,5,"0000-03-05",65
"66","Death Valley","USC00042319",65.7,"Mar",3,6,"0000-03-06",66
"67","Death Valley","USC00042319",66,"Mar",3,7,"0000-03-07",67
"68","Death Valley","USC00042319",66.3,"Mar",3,8,"0000-03-08",68
"69","Death Valley","USC00042319",66.7,"Mar",3,9,"0000-03-09",69
"70","Death Valley","USC00042319",67,"Mar",3,10,"0000-03-10",70
"71","Death Valley","USC00042319",67.2,"Mar",3,11,"0000-03-11",71
"72","Death Valley","USC00042319",67.5,"Mar",3,12,"0000-03-12",72
"73","Death Valley","USC00042319",67.8,"Mar",3,13,"0000-03-13",73
"74","Death Valley","USC00042319",68.1,"Mar",3,14,"0000-03-14",74
"75","Death Valley","USC00042319",68.4,"Mar",3,15,"0000-03-15",75
"76","Death Valley","USC00042319",68.6,"Mar",3,16,"0000-03-16",76
"77","Death Valley","USC00042319",68.9,"Mar",3,17,"0000-03-17",77
"78","Death Valley","USC00042319",69.2,"Mar",3,18,"0000-03-18",78
"79","Death Valley","USC00042319",69.4,"Mar",3,19,"0000-03-19",79
"80","Death Valley","USC00042319",69.7,"Mar",3,20,"0000-03-20",80
"81","Death Valley","USC00042319",69.9,"Mar",3,21,"0000-03-21",81
"82","Death Valley","USC00042319",70.1,"Mar",3,22,"0000-03-22",82
"83","Death Valley","USC00042319",70.4,"Mar",3,23,"0000-03-23",83
"84","Death Valley","USC00042319",70.6,"Mar",3,24,"0000-03-24",84
"85","Death Valley","USC00042319",70.8,"Mar",3,25,"0000-03-25",85
"86","Death Valley","USC00042319",71.1,"Mar",3,26,"0000-03-26",86
"87","Death Valley","USC00042319",71.3,"Mar",3,27,"0000-03-27",87
"88","Death Valley","USC00042319",71.5,"Mar",3,28,"0000-03-28",88
"89","Death Valley","USC00042319",71.7,"Mar",3,29,"0000-03-29",89
"90","Death Valley","USC00042319",71.9,"Mar",3,30,"0000-03-30",90
"91","Death Valley","USC00042319",72.2,"Mar",3,31,"0000-03-31",91
"92","Death Valley","USC00042319",72.4,"Apr",4,1,"0000-04-01",92
"93","Death Valley","USC00042319",72.6,"Apr",4,2,"0000-04-02",93
"94","Death Valley","USC00042319",72.8,"Apr",4,3,"0000-04-03",94
"95","Death Valley","USC00042319",73.1,"Apr",4,4,"0000-04-04",95
"96","Death Valley","USC00042319",73.3,"Apr",4,5,"0000-04-05",96
"97","Death Valley","USC00042319",73.5,"Apr",4,6,"0000-04-06",97
"98","Death Valley","USC00042319",73.8,"Apr",4,7,"0000-04-07",98
"99","Death Valley","USC00042319",74,"Apr",4,8,"0000-04-08",99
"100","Death Valley","USC00042319",74.3,"Apr",4,9,"0000-04-09",100
"101","Death Valley","USC00042319",74.5,"Apr",4,10,"0000-04-10",101
"102","Death Valley","USC00042319",74.8,"Apr",4,11,"0000-04-11",102
"103","Death Valley","USC00042319",75.1,"Apr",4,12,"0000-04-12",103
"104","Death Valley","USC00042319",75.3,"Apr",4,13,"0000-04-13",104
"105","Death Valley","USC00042319",75.6,"Apr",4,14,"0000-04-14",105
"106","Death Valley","USC00042319",75.9,"Apr",4,15,"0000-04-15",106
"107","Death Valley","USC00042319",76.2,"Apr",4,16,"0000-04-16",107
"108","Death Valley","USC00042319",76.5,"Apr",4,17,"0000-04-17",108
"109","Death Valley","USC00042319",76.8,"Apr",4,18,"0000-04-18",109
"110","Death Valley","USC00042319",77.1,"Apr",4,19,"0000-04-19",110
"111","Death Valley","USC00042319",77.5,"Apr",4,20,"0000-04-20",111
"112","Death Valley","USC00042319",77.8,"Apr",4,21,"0000-04-21",112
"113","Death Valley","USC00042319",78.1,"Apr",4,22,"0000-04-22",113
"114","Death Valley","USC00042319",78.5,"Apr",4,23,"0000-04-23",114
"115","Death Valley","USC00042319",78.8,"Apr",4,24,"0000-04-24",115
"116","Death Valley","USC00042319",79.2,"Apr",4,25,"0000-04-25",116
"117","Death Valley","USC00042319",79.5,"Apr",4,26,"0000-04-26",117
"118","Death Valley","USC00042319",79.9,"Apr",4,27,"0000-04-27",118
"119","Death Valley","USC00042319",80.3,"Apr",4,28,"0000-04-28",119
"120","Death Valley","USC00042319",80.6,"Apr",4,29,"0000-04-29",120
"121","Death Valley","USC00042319",81,"Apr",4,30,"0000-04-30",121
"122","Death Valley","USC00042319",81.4,"May",5,1,"0000-05-01",122
"123","Death Valley","USC00042319",81.7,"May",5,2,"0000-05-02",123
"124","Death Valley","USC00042319",82.1,"May",5,3,"0000-05-03",124
"125","Death Valley","USC00042319",82.5,"May",5,4,"0000-05-04",125
"126","Death Valley","USC00042319",82.9,"May",5,5,"0000-05-05",126
"127","Death Valley","USC00042319",83.2,"May",5,6,"0000-05-06",127
"128","Death Valley","USC00042319",83.6,"May",5,7,"0000-05-07",128
"129","Death Valley","USC00042319",84,"May",5,8,"0000-05-08",129
"130","Death Valley","USC00042319",84.3,"May",5,9,"0000-05-09",130
"131","Death Valley","USC00042319",84.7,"May",5,10,"0000-05-10",131
"132","Death Valley","USC00042319",85.1,"May",5,11,"0000-05-11",132
"133","Death Valley","USC00042319",85.4,"May",5,12,"0000-05-12",133
"134","Death Valley","USC00042319",85.8,"May",5,13,"0000-05-13",134
"135","Death Valley","USC00042319",86.1,"May",5,14,"0000-05-14",135
"136","Death Valley","USC00042319",86.4,"May",5,15,"0000-05-15",136
"137","Death Valley","USC00042319",86.8,"May",5,16,"0000-05-16",137
"138","Death Valley","USC00042319",87.1,"May",5,17,"0000-05-17",138
"139","Death Valley","USC00042319",87.4,"May",5,18,"0000-05-18",139
"140","Death Valley","USC00042319",87.8,"May",5,19,"0000-05-19",140
"141","Death Valley","USC00042319",88.1,"May",5,20,"0000-05-20",141
"142","Death Valley","USC00042319",88.4,"May",5,21,"0000-05-21",142
"143","Death Valley","USC00042319",88.7,"May",5,22,"0000-05-22",143
"144","Death Valley","USC00042319",89,"May",5,23,"0000-05-23",144
"145","Death Valley","USC00042319",89.3,"May",5,24,"0000-05-24",145
"146","Death Valley","USC00042319",89.6,"May",5,25,"0000-05-25",146
"147","Death Valley","USC00042319",89.9,"May",5,26,"0000-05-26",147
"148","Death Valley","USC00042319",90.1,"May",5,27,"0000-05-27",148
"149","Death Valley","USC00042319",90.4,"May",5,28,"0000-05-28",149
"150","Death Valley","USC00042319",90.7,"May",5,29,"0000-05-29",150
"151","Death Valley","USC00042319",91,"May",5,30,"0000-05-30",151
"152","Death Valley","USC00042319",91.3,"May",5,31,"0000-05-31",152
"153","Death Valley","USC00042319",91.5,"Jun",6,1,"0000-06-01",153
"154","Death Valley","USC00042319",91.8,"Jun",6,2,"0000-06-02",154
"155","Death Valley","USC00042319",92.1,"Jun",6,3,"0000-06-03",155
"156","Death Valley","USC00042319",92.3,"Jun",6,4,"0000-06-04",156
"157","Death Valley","USC00042319",92.6,"Jun",6,5,"0000-06-05",157
"158","Death Valley","USC00042319",92.9,"Jun",6,6,"0000-06-06",158
"159","Death Valley","USC00042319",93.1,"Jun",6,7,"0000-06-07",159
"160","Death Valley","USC00042319",93.4,"Jun",6,8,"0000-06-08",160
"161","Death Valley","USC00042319",93.7,"Jun",6,9,"0000-06-09",161
"162","Death Valley","USC00042319",94,"Jun",6,10,"0000-06-10",162
"163","Death Valley","USC00042319",94.2,"Jun",6,11,"0000-06-11",163
"164","Death Valley","USC00042319",94.5,"Jun",6,12,"0000-06-12",164
"165","Death Valley","USC00042319",94.8,"Jun",6,13,"0000-06-13",165
"166","Death Valley","USC00042319",95.1,"Jun",6,14,"0000-06-14",166
"167","Death Valley","USC00042319",95.4,"Jun",6,15,"0000-06-15",167
"168","Death Valley","USC00042319",95.7,"Jun",6,16,"0000-06-16",168
"169","Death Valley","USC00042319",95.9,"Jun",6,17,"0000-06-17",169
"170","Death Valley","USC00042319",96.2,"Jun",6,18,"0000-06-18",170
"171","Death Valley","USC00042319",96.5,"Jun",6,19,"0000-06-19",171
"172","Death Valley","USC00042319",96.8,"Jun",6,20,"0000-06-20",172
"173","Death Valley","USC00042319",97.1,"Jun",6,21,"0000-06-21",173
"174","Death Valley","USC00042319",97.4,"Jun",6,22,"0000-06-22",174
"175","Death Valley","USC00042319",97.7,"Jun",6,23,"0000-06-23",175
"176","Death Valley","USC00042319",98,"Jun",6,24,"0000-06-24",176
"177","Death Valley","USC00042319",98.3,"Jun",6,25,"0000-06-25",177
"178","Death Valley","USC00042319",98.5,"Jun",6,26,"0000-06-26",178
"179","Death Valley","USC00042319",98.8,"Jun",6,27,"0000-06-27",179
"180","Death Valley","USC00042319",99.1,"Jun",6,28,"0000-06-28",180
"181","Death Valley","USC00042319",99.4,"Jun",6,29,"0000-06-29",181
"182","Death Valley","USC00042319",99.6,"Jun",6,30,"0000-06-30",182
"183","Death Valley","USC00042319",99.9,"Jul",7,1,"0000-07-01",183
"184","Death Valley","USC00042319",100.2,"Jul",7,2,"0000-07-02",184
"185","Death Valley","USC00042319",100.4,"Jul",7,3,"0000-07-03",185
"186","Death Valley","USC00042319",100.6,"Jul",7,4,"0000-07-04",186
"187","Death Valley","USC00042319",100.9,"Jul",7,5,"0000-07-05",187
"188","Death Valley","USC00042319",101.1,"Jul",7,6,"0000-07-06",188
"189","Death Valley","USC00042319",101.3,"Jul",7,7,"0000-07-07",189
"190","Death Valley","USC00042319",101.5,"Jul",7,8,"0000-07-08",190
"191","Death Valley","USC00042319",101.7,"Jul",7,9,"0000-07-09",191
"192","Death Valley","USC00042319",101.9,"Jul",7,10,"0000-07-10",192
"193","Death Valley","USC00042319",102.1,"Jul",7,11,"0000-07-11",193
"194","Death Valley","USC00042319",102.2,"Jul",7,12,"0000-07-12",194
"195","Death Valley","USC00042319",102.4,"Jul",7,13,"0000-07-13",195
"196","Death Valley","USC00042319",102.5,"Jul",7,14,"0000-07-14",196
"197","Death Valley","USC00042319",102.6,"Jul",7,15,"0000-07-15",197
"198","Death Valley","USC00042319",102.8,"Jul",7,16,"0000-07-16",198
"199","Death Valley","USC00042319",102.9,"Jul",7,17,"0000-07-17",199
"200","Death Valley","USC00042319",102.9,"Jul",7,18,"0000-07-18",200
"201","Death Valley","USC00042319",103,"Jul",7,19,"0000-07-19",201
"202","Death Valley","USC00042319",103.1,"Jul",7,20,"0000-07-20",202
"203","Death Valley","USC00042319",103.1,"Jul",7,21,"0000-07-21",203
"204","Death Valley","USC00042319",103.1,"Jul",7,22,"0000-07-22",204
"205","Death Valley","USC00042319",103.1,"Jul",7,23,"0000-07-23",205
"206","Death Valley","USC00042319",103.2,"Jul",7,24,"0000-07-24",206
"207","Death Valley","USC00042319",103.1,"Jul",7,25,"0000-07-25",207
"208","Death Valley","USC00042319",103.1,"Jul",7,26,"0000-07-26",208
"209","Death Valley","USC00042319",103.1,"Jul",7,27,"0000-07-27",209
"210","Death Valley","USC00042319",103,"Jul",7,28,"0000-07-28",210
"211","Death Valley","USC00042319",103,"Jul",7,29,"0000-07-29",211
"212","Death Valley","USC00042319",102.9,"Jul",7,30,"0000-07-30",212
"213","Death Valley","USC00042319",102.8,"Jul",7,31,"0000-07-31",213
"214","Death Valley","USC00042319",102.7,"Aug",8,1,"0000-08-01",214
"215","Death Valley","USC00042319",102.6,"Aug",8,2,"0000-08-02",215
"216","Death Valley","USC00042319",102.5,"Aug",8,3,"0000-08-03",216
"217","Death Valley","USC00042319",102.4,"Aug",8,4,"0000-08-04",217
"218","Death Valley","USC00042319",102.3,"Aug",8,5,"0000-08-05",218
"219","Death Valley","USC00042319",102.2,"Aug",8,6,"0000-08-06",219
"220","Death Valley","USC00042319",102,"Aug",8,7,"0000-08-07",220
"221","Death Valley","USC00042319",101.9,"Aug",8,8,"0000-08-08",221
"222","Death Valley","USC00042319",101.7,"Aug",8,9,"0000-08-09",222
"223","Death Valley","USC00042319",101.5,"Aug",8,10,"0000-08-10",223
"224","Death Valley","USC00042319",101.4,"Aug",8,11,"0000-08-11",224
"225","Death Valley","USC00042319",101.2,"Aug",8,12,"0000-08-12",225
"226","Death Valley","USC00042319",101,"Aug",8,13,"0000-08-13",226
"227","Death Valley","USC00042319",100.8,"Aug",8,14,"0000-08-14",227
"228","Death Valley","USC00042319",100.6,"Aug",8,15,"0000-08-15",228
"229","Death Valley","USC00042319",100.4,"Aug",8,16,"0000-08-16",229
"230","Death Valley","USC00042319",100.2,"Aug",8,17,"0000-08-17",230
"231","Death Valley","USC00042319",100,"Aug",8,18,"0000-08-18",231
"232","Death Valley","USC00042319",99.8,"Aug",8,19,"0000-08-19",232
"233","Death Valley","USC00042319",99.6,"Aug",8,20,"0000-08-20",233
"234","Death Valley","USC00042319",99.4,"Aug",8,21,"0000-08-21",234
"235","Death Valley","USC00042319",99.1,"Aug",8,22,"0000-08-22",235
"236","Death Valley","USC00042319",98.9,"Aug",8,23,"0000-08-23",236
"237","Death Valley","USC00042319",98.6,"Aug",8,24,"0000-08-24",237
"238","Death Valley","USC00042319",98.4,"Aug",8,25,"0000-08-25",238
"239","Death Valley","USC00042319",98.1,"Aug",8,26,"0000-08-26",239
"240","Death Valley","USC00042319",97.9,"Aug",8,27,"0000-08-27",240
"241","Death Valley","USC00042319",97.6,"Aug",8,28,"0000-08-28",241
"242","Death Valley","USC00042319",97.3,"Aug",8,29,"0000-08-29",242
"243","Death Valley","USC00042319",97.1,"Aug",8,30,"0000-08-30",243
"244","Death Valley","USC00042319",96.8,"Aug",8,31,"0000-08-31",244
"245","Death Valley","USC00042319",96.5,"Sep",9,1,"0000-09-01",245
"246","Death Valley","USC00042319",96.2,"Sep",9,2,"0000-09-02",246
"247","Death Valley","USC00042319",95.9,"Sep",9,3,"0000-09-03",247
"248","Death Valley","USC00042319",95.6,"Sep",9,4,"0000-09-04",248
"249","Death Valley","USC00042319",95.2,"Sep",9,5,"0000-09-05",249
"250","Death Valley","USC00042319",94.9,"Sep",9,6,"0000-09-06",250
"251","Death Valley","USC00042319",94.6,"Sep",9,7,"0000-09-07",251
"252","Death Valley","USC00042319",94.2,"Sep",9,8,"0000-09-08",252
"253","Death Valley","USC00042319",93.8,"Sep",9,9,"0000-09-09",253
"254","Death Valley","USC00042319",93.5,"Sep",9,10,"0000-09-10",254
"255","Death Valley","USC00042319",93.1,"Sep",9,11,"0000-09-11",255
"256","Death Valley","USC00042319",92.7,"Sep",9,12,"0000-09-12",256
"257","Death Valley","USC00042319",92.3,"Sep",9,13,"0000-09-13",257
"258","Death Valley","USC00042319",91.9,"Sep",9,14,"0000-09-14",258
"259","Death Valley","USC00042319",91.5,"Sep",9,15,"0000-09-15",259
"260","Death Valley","USC00042319",91.1,"Sep",9,16,"0000-09-16",260
"261","Death Valley","USC00042319",90.7,"Sep",9,17,"0000-09-17",261
"262","Death Valley","USC00042319",90.3,"Sep",9,18,"0000-09-18",262
"263","Death Valley","USC00042319",89.8,"Sep",9,19,"0000-09-19",263
"264","Death Valley","USC00042319",89.4,"Sep",9,20,"0000-09-20",264
"265","Death Valley","USC00042319",88.9,"Sep",9,21,"0000-09-21",265
"266","Death Valley","USC00042319",88.5,"Sep",9,22,"0000-09-22",266
"267","Death Valley","USC00042319",88,"Sep",9,23,"0000-09-23",267
"268","Death Valley","USC00042319",87.6,"Sep",9,24,"0000-09-24",268
"269","Death Valley","USC00042319",87.1,"Sep",9,25,"0000-09-25",269
"270","Death Valley","USC00042319",86.6,"Sep",9,26,"0000-09-26",270
"271","Death Valley","USC00042319",86.1,"Sep",9,27,"0000-09-27",271
"272","Death Valley","USC00042319",85.7,"Sep",9,28,"0000-09-28",272
"273","Death Valley","USC00042319",85.2,"Sep",9,29,"0000-09-29",273
"274","Death Valley","USC00042319",84.7,"Sep",9,30,"0000-09-30",274
"275","Death Valley","USC00042319",84.2,"Oct",10,1,"0000-10-01",275
"276","Death Valley","USC00042319",83.7,"Oct",10,2,"0000-10-02",276
"277","Death Valley","USC00042319",83.3,"Oct",10,3,"0000-10-03",277
"278","Death Valley","USC00042319",82.8,"Oct",10,4,"0000-10-04",278
"279","Death Valley","USC00042319",82.3,"Oct",10,5,"0000-10-05",279
"280","Death Valley","USC00042319",81.8,"Oct",10,6,"0000-10-06",280
"281","Death Valley","USC00042319",81.3,"Oct",10,7,"0000-10-07",281
"282","Death Valley","USC00042319",80.9,"Oct",10,8,"0000-10-08",282
"283","Death Valley","USC00042319",80.4,"Oct",10,9,"0000-10-09",283
"284","Death Valley","USC00042319",79.9,"Oct",10,10,"0000-10-10",284
"285","Death Valley","USC00042319",79.4,"Oct",10,11,"0000-10-11",285
"286","Death Valley","USC00042319",79,"Oct",10,12,"0000-10-12",286
"287","Death Valley","USC00042319",78.5,"Oct",10,13,"0000-10-13",287
"288","Death Valley","USC00042319",78,"Oct",10,14,"0000-10-14",288
"289","Death Valley","USC00042319",77.6,"Oct",10,15,"0000-10-15",289
"290","Death Valley","USC00042319",77.1,"Oct",10,16,"0000-10-16",290
"291","Death Valley","USC00042319",76.6,"Oct",10,17,"0000-10-17",291
"292","Death Valley","USC00042319",76.2,"Oct",10,18,"0000-10-18",292
"293","Death Valley","USC00042319",75.7,"Oct",10,19,"0000-10-19",293
"294","Death Valley","USC00042319",75.3,"Oct",10,20,"0000-10-20",294
"295","Death Valley","USC00042319",74.8,"Oct",10,21,"0000-10-21",295
"296","Death Valley","USC00042319",74.3,"Oct",10,22,"0000-10-22",296
"297","Death Valley","USC00042319",73.9,"Oct",10,23,"0000-10-23",297
"298","Death Valley","USC00042319",73.4,"Oct",10,24,"0000-10-24",298
"299","Death Valley","USC00042319",73,"Oct",10,25,"0000-10-25",299
"300","Death Valley","USC00042319",72.5,"Oct",10,26,"0000-10-26",300
"301","Death Valley","USC00042319",72.1,"Oct",10,27,"0000-10-27",301
"302","Death Valley","USC00042319",71.6,"Oct",10,28,"0000-10-28",302
"303","Death Valley","USC00042319",71.1,"Oct",10,29,"0000-10-29",303
"304","Death Valley","USC00042319",70.7,"Oct",10,30,"0000-10-30",304
"305","Death Valley","USC00042319",70.2,"Oct",10,31,"0000-10-31",305
"306","Death Valley","USC00042319",69.7,"Nov",11,1,"0000-11-01",306
"307","Death Valley","USC00042319",69.3,"Nov",11,2,"0000-11-02",307
"308","Death Valley","USC00042319",68.8,"Nov",11,3,"0000-11-03",308
"309","Death Valley","USC00042319",68.3,"Nov",11,4,"0000-11-04",309
"310","Death Valley","USC00042319",67.8,"Nov",11,5,"0000-11-05",310
"311","Death Valley","USC00042319",67.3,"Nov",11,6,"0000-11-06",311
"312","Death Valley","USC00042319",66.9,"Nov",11,7,"0000-11-07",312
"313","Death Valley","USC00042319",66.4,"Nov",11,8,"0000-11-08",313
"314","Death Valley","USC00042319",65.9,"Nov",11,9,"0000-11-09",314
"315","Death Valley","USC00042319",65.4,"Nov",11,10,"0000-11-10",315
"316","Death Valley","USC00042319",64.9,"Nov",11,11,"0000-11-11",316
"317","Death Valley","USC00042319",64.4,"Nov",11,12,"0000-11-12",317
"318","Death Valley","USC00042319",63.9,"Nov",11,13,"0000-11-13",318
"319","Death Valley","USC00042319",63.3,"Nov",11,14,"0000-11-14",319
"320","Death Valley","USC00042319",62.8,"Nov",11,15,"0000-11-15",320
"321","Death Valley","USC00042319",62.3,"Nov",11,16,"0000-11-16",321
"322","Death Valley","USC00042319",61.8,"Nov",11,17,"0000-11-17",322
"323","Death Valley","USC00042319",61.3,"Nov",11,18,"0000-11-18",323
"324","Death Valley","USC00042319",60.8,"Nov",11,19,"0000-11-19",324
"325","Death Valley","USC00042319",60.3,"Nov",11,20,"0000-11-20",325
"326","Death Valley","USC00042319",59.8,"Nov",11,21,"0000-11-21",326
"327","Death Valley","USC00042319",59.3,"Nov",11,22,"0000-11-22",327
"328","Death Valley","USC00042319",58.8,"Nov",11,23,"0000-11-23",328
"329","Death Valley","USC00042319",58.3,"Nov",11,24,"0000-11-24",329
"330","Death Valley","USC00042319",57.9,"Nov",11,25,"0000-11-25",330
"331","Death Valley","USC00042319",57.4,"Nov",11,26,"0000-11-26",331
"332","Death Valley","USC00042319",56.9,"Nov",11,27,"0000-11-27",332
"333","Death Valley","USC00042319",56.5,"Nov",11,28,"0000-11-28",333
"334","Death Valley","USC00042319",56,"Nov",11,29,"0000-11-29",334
"335","Death Valley","USC00042319",55.6,"Nov",11,30,"0000-11-30",335
"336","Death Valley","USC00042319",55.2,"Dec",12,1,"0000-12-01",336
"337","Death Valley","USC00042319",54.8,"Dec",12,2,"0000-12-02",337
"338","Death Valley","USC00042319",54.4,"Dec",12,3,"0000-12-03",338
"339","Death Valley","USC00042319",54,"Dec",12,4,"0000-12-04",339
"340","Death Valley","USC00042319",53.7,"Dec",12,5,"0000-12-05",340
"341","Death Valley","USC00042319",53.3,"Dec",12,6,"0000-12-06",341
"342","Death Valley","USC00042319",53,"Dec",12,7,"0000-12-07",342
"343","Death Valley","USC00042319",52.7,"Dec",12,8,"0000-12-08",343
"344","Death Valley","USC00042319",52.4,"Dec",12,9,"0000-12-09",344
"345","Death Valley","USC00042319",52.2,"Dec",12,10,"0000-12-10",345
"346","Death Valley","USC00042319",51.9,"Dec",12,11,"0000-12-11",346
"347","Death Valley","USC00042319",51.7,"Dec",12,12,"0000-12-12",347
"348","Death Valley","USC00042319",51.5,"Dec",12,13,"0000-12-13",348
"349","Death Valley","USC00042319",51.3,"Dec",12,14,"0000-12-14",349
"350","Death Valley","USC00042319",51.1,"Dec",12,15,"0000-12-15",350
"351","Death Valley","USC00042319",51,"Dec",12,16,"0000-12-16",351
"352","Death Valley","USC00042319",50.9,"Dec",12,17,"0000-12-17",352
"353","Death Valley","USC00042319",50.8,"Dec",12,18,"0000-12-18",353
"354","Death Valley","USC00042319",50.7,"Dec",12,19,"0000-12-19",354
"355","Death Valley","USC00042319",50.6,"Dec",12,20,"0000-12-20",355
"356","Death Valley","USC00042319",50.6,"Dec",12,21,"0000-12-21",356
"357","Death Valley","USC00042319",50.5,"Dec",12,22,"0000-12-22",357
"358","Death Valley","USC00042319",50.5,"Dec",12,23,"0000-12-23",358
"359","Death Valley","USC00042319",50.5,"Dec",12,24,"0000-12-24",359
"360","Death Valley","USC00042319",50.5,"Dec",12,25,"0000-12-25",360
"361","Death Valley","USC00042319",50.6,"Dec",12,26,"0000-12-26",361
"362","Death Valley","USC00042319",50.6,"Dec",12,27,"0000-12-27",362
"363","Death Valley","USC00042319",50.7,"Dec",12,28,"0000-12-28",363
"364","Death Valley","USC00042319",50.8,"Dec",12,29,"0000-12-29",364
"365","Death Valley","USC00042319",50.8,"Dec",12,30,"0000-12-30",365
"366","Death Valley","USC00042319",50.9,"Dec",12,31,"0000-12-31",366
"367","Houston","USW00012918",53.9,"Jan",1,1,"0000-01-01",1
"368","Houston","USW00012918",53.8,"Jan",1,2,"0000-01-02",2
"369","Houston","USW00012918",53.8,"Jan",1,3,"0000-01-03",3
"370","Houston","USW00012918",53.8,"Jan",1,4,"0000-01-04",4
"371","Houston","USW00012918",53.8,"Jan",1,5,"0000-01-05",5
"372","Houston","USW00012918",53.7,"Jan",1,6,"0000-01-06",6
"373","Houston","USW00012918",53.7,"Jan",1,7,"0000-01-07",7
"374","Houston","USW00012918",53.7,"Jan",1,8,"0000-01-08",8
"375","Houston","USW00012918",53.7,"Jan",1,9,"0000-01-09",9
"376","Houston","USW00012918",53.7,"Jan",1,10,"0000-01-10",10
"377","Houston","USW00012918",53.7,"Jan",1,11,"0000-01-11",11
"378","Houston","USW00012918",53.8,"Jan",1,12,"0000-01-12",12
"379","Houston","USW00012918",53.8,"Jan",1,13,"0000-01-13",13
"380","Houston","USW00012918",53.8,"Jan",1,14,"0000-01-14",14
"381","Houston","USW00012918",53.8,"Jan",1,15,"0000-01-15",15
"382","Houston","USW00012918",53.9,"Jan",1,16,"0000-01-16",16
"383","Houston","USW00012918",53.9,"Jan",1,17,"0000-01-17",17
"384","Houston","USW00012918",53.9,"Jan",1,18,"0000-01-18",18
"385","Houston","USW00012918",54,"Jan",1,19,"0000-01-19",19
"386","Houston","USW00012918",54,"Jan",1,20,"0000-01-20",20
"387","Houston","USW00012918",54.1,"Jan",1,21,"0000-01-21",21
"388","Houston","USW00012918",54.2,"Jan",1,22,"0000-01-22",22
"389","Houston","USW00012918",54.2,"Jan",1,23,"0000-01-23",23
"390","Houston","USW00012918",54.3,"Jan",1,24,"0000-01-24",24
"391","Houston","USW00012918",54.4,"Jan",1,25,"0000-01-25",25
"392","Houston","USW00012918",54.4,"Jan",1,26,"0000-01-26",26
"393","Houston","USW00012918",54.5,"Jan",1,27,"0000-01-27",27
"394","Houston","USW00012918",54.6,"Jan",1,28,"0000-01-28",28
"395","Houston","USW00012918",54.7,"Jan",1,29,"0000-01-29",29
"396","Houston","USW00012918",54.8,"Jan",1,30,"0000-01-30",30
"397","Houston","USW00012918",54.9,"Jan",1,31,"0000-01-31",31
"398","Houston","USW00012918",55,"Feb",2,1,"0000-02-01",32
"399","Houston","USW00012918",55.2,"Feb",2,2,"0000-02-02",33
"400","Houston","USW00012918",55.3,"Feb",2,3,"0000-02-03",34
"401","Houston","USW00012918",55.4,"Feb",2,4,"0000-02-04",35
"402","Houston","USW00012918",55.6,"Feb",2,5,"0000-02-05",36
"403","Houston","USW00012918",55.7,"Feb",2,6,"0000-02-06",37
"404","Houston","USW00012918",55.8,"Feb",2,7,"0000-02-07",38
"405","Houston","USW00012918",56,"Feb",2,8,"0000-02-08",39
"406","Houston","USW00012918",56.2,"Feb",2,9,"0000-02-09",40
"407","Houston","USW00012918",56.3,"Feb",2,10,"0000-02-10",41
"408","Houston","USW00012918",56.5,"Feb",2,11,"0000-02-11",42
"409","Houston","USW00012918",56.7,"Feb",2,12,"0000-02-12",43
"410","Houston","USW00012918",56.8,"Feb",2,13,"0000-02-13",44
"411","Houston","USW00012918",57,"Feb",2,14,"0000-02-14",45
"412","Houston","USW00012918",57.2,"Feb",2,15,"0000-02-15",46
"413","Houston","USW00012918",57.4,"Feb",2,16,"0000-02-16",47
"414","Houston","USW00012918",57.6,"Feb",2,17,"0000-02-17",48
"415","Houston","USW00012918",57.8,"Feb",2,18,"0000-02-18",49
"416","Houston","USW00012918",58,"Feb",2,19,"0000-02-19",50
"417","Houston","USW00012918",58.2,"Feb",2,20,"0000-02-20",51
"418","Houston","USW00012918",58.4,"Feb",2,21,"0000-02-21",52
"419","Houston","USW00012918",58.6,"Feb",2,22,"0000-02-22",53
"420","Houston","USW00012918",58.8,"Feb",2,23,"0000-02-23",54
"421","Houston","USW00012918",59,"Feb",2,24,"0000-02-24",55
"422","Houston","USW00012918",59.3,"Feb",2,25,"0000-02-25",56
"423","Houston","USW00012918",59.5,"Feb",2,26,"0000-02-26",57
"424","Houston","USW00012918",59.7,"Feb",2,27,"0000-02-27",58
"425","Houston","USW00012918",59.9,"Feb",2,28,"0000-02-28",59
"426","Houston","USW00012918",60,"Feb",2,29,"0000-02-29",60
"427","Houston","USW00012918",60.1,"Mar",3,1,"0000-03-01",61
"428","Houston","USW00012918",60.4,"Mar",3,2,"0000-03-02",62
"429","Houston","USW00012918",60.6,"Mar",3,3,"0000-03-03",63
"430","Houston","USW00012918",60.8,"Mar",3,4,"0000-03-04",64
"431","Houston","USW00012918",61,"Mar",3,5,"0000-03-05",65
"432","Houston","USW00012918",61.2,"Mar",3,6,"0000-03-06",66
"433","Houston","USW00012918",61.5,"Mar",3,7,"0000-03-07",67
"434","Houston","USW00012918",61.7,"Mar",3,8,"0000-03-08",68
"435","Houston","USW00012918",61.9,"Mar",3,9,"0000-03-09",69
"436","Houston","USW00012918",62.1,"Mar",3,10,"0000-03-10",70
"437","Houston","USW00012918",62.3,"Mar",3,11,"0000-03-11",71
"438","Houston","USW00012918",62.5,"Mar",3,12,"0000-03-12",72
"439","Houston","USW00012918",62.8,"Mar",3,13,"0000-03-13",73
"440","Houston","USW00012918",63,"Mar",3,14,"0000-03-14",74
"441","Houston","USW00012918",63.2,"Mar",3,15,"0000-03-15",75
"442","Houston","USW00012918",63.4,"Mar",3,16,"0000-03-16",76
"443","Houston","USW00012918",63.6,"Mar",3,17,"0000-03-17",77
"444","Houston","USW00012918",63.8,"Mar",3,18,"0000-03-18",78
"445","Houston","USW00012918",64,"Mar",3,19,"0000-03-19",79
"446","Houston","USW00012918",64.2,"Mar",3,20,"0000-03-20",80
"447","Houston","USW00012918",64.4,"Mar",3,21,"0000-03-21",81
"448","Houston","USW00012918",64.6,"Mar",3,22,"0000-03-22",82
"449","Houston","USW00012918",64.8,"Mar",3,23,"0000-03-23",83
"450","Houston","USW00012918",65,"Mar",3,24,"0000-03-24",84
"451","Houston","USW00012918",65.2,"Mar",3,25,"0000-03-25",85
"452","Houston","USW00012918",65.4,"Mar",3,26,"0000-03-26",86
"453","Houston","USW00012918",65.6,"Mar",3,27,"0000-03-27",87
"454","Houston","USW00012918",65.8,"Mar",3,28,"0000-03-28",88
"455","Houston","USW00012918",66,"Mar",3,29,"0000-03-29",89
"456","Houston","USW00012918",66.2,"Mar",3,30,"0000-03-30",90
"457","Houston","USW00012918",66.4,"Mar",3,31,"0000-03-31",91
"458","Houston","USW00012918",66.6,"Apr",4,1,"0000-04-01",92
"459","Houston","USW00012918",66.8,"Apr",4,2,"0000-04-02",93
"460","Houston","USW00012918",67.1,"Apr",4,3,"0000-04-03",94
"461","Houston","USW00012918",67.3,"Apr",4,4,"0000-04-04",95
"462","Houston","USW00012918",67.5,"Apr",4,5,"0000-04-05",96
"463","Houston","USW00012918",67.7,"Apr",4,6,"0000-04-06",97
"464","Houston","USW00012918",67.9,"Apr",4,7,"0000-04-07",98
"465","Houston","USW00012918",68.1,"Apr",4,8,"0000-04-08",99
"466","Houston","USW00012918",68.3,"Apr",4,9,"0000-04-09",100
"467","Houston","USW00012918",68.5,"Apr",4,10,"0000-04-10",101
"468","Houston","USW00012918",68.8,"Apr",4,11,"0000-04-11",102
"469","Houston","USW00012918",69,"Apr",4,12,"0000-04-12",103
"470","Houston","USW00012918",69.2,"Apr",4,13,"0000-04-13",104
"471","Houston","USW00012918",69.4,"Apr",4,14,"0000-04-14",105
"472","Houston","USW00012918",69.7,"Apr",4,15,"0000-04-15",106
"473","Houston","USW00012918",69.9,"Apr",4,16,"0000-04-16",107
"474","Houston","USW00012918",70.1,"Apr",4,17,"0000-04-17",108
"475","Houston","USW00012918",70.4,"Apr",4,18,"0000-04-18",109
"476","Houston","USW00012918",70.6,"Apr",4,19,"0000-04-19",110
"477","Houston","USW00012918",70.8,"Apr",4,20,"0000-04-20",111
"478","Houston","USW00012918",71.1,"Apr",4,21,"0000-04-21",112
"479","Houston","USW00012918",71.3,"Apr",4,22,"0000-04-22",113
"480","Houston","USW00012918",71.6,"Apr",4,23,"0000-04-23",114
"481","Houston","USW00012918",71.8,"Apr",4,24,"0000-04-24",115
"482","Houston","USW00012918",72.1,"Apr",4,25,"0000-04-25",116
"483","Houston","USW00012918",72.3,"Apr",4,26,"0000-04-26",117
"484","Houston","USW00012918",72.6,"Apr",4,27,"0000-04-27",118
"485","Houston","USW00012918",72.8,"Apr",4,28,"0000-04-28",119
"486","Houston","USW00012918",73.1,"Apr",4,29,"0000-04-29",120
"487","Houston","USW00012918",73.3,"Apr",4,30,"0000-04-30",121
"488","Houston","USW00012918",73.6,"May",5,1,"0000-05-01",122
"489","Houston","USW00012918",73.8,"May",5,2,"0000-05-02",123
"490","Houston","USW00012918",74.1,"May",5,3,"0000-05-03",124
"491","Houston","USW00012918",74.3,"May",5,4,"0000-05-04",125
"492","Houston","USW00012918",74.6,"May",5,5,"0000-05-05",126
"493","Houston","USW00012918",74.8,"May",5,6,"0000-05-06",127
"494","Houston","USW00012918",75,"May",5,7,"0000-05-07",128
"495","Houston","USW00012918",75.3,"May",5,8,"0000-05-08",129
"496","Houston","USW00012918",75.5,"May",5,9,"0000-05-09",130
"497","Houston","USW00012918",75.8,"May",5,10,"0000-05-10",131
"498","Houston","USW00012918",76,"May",5,11,"0000-05-11",132
"499","Houston","USW00012918",76.3,"May",5,12,"0000-05-12",133
"500","Houston","USW00012918",76.5,"May",5,13,"0000-05-13",134
"501","Houston","USW00012918",76.7,"May",5,14,"0000-05-14",135
"502","Houston","USW00012918",76.9,"May",5,15,"0000-05-15",136
"503","Houston","USW00012918",77.2,"May",5,16,"0000-05-16",137
"504","Houston","USW00012918",77.4,"May",5,17,"0000-05-17",138
"505","Houston","USW00012918",77.6,"May",5,18,"0000-05-18",139
"506","Houston","USW00012918",77.8,"May",5,19,"0000-05-19",140
"507","Houston","USW00012918",78,"May",5,20,"0000-05-20",141
"508","Houston","USW00012918",78.3,"May",5,21,"0000-05-21",142
"509","Houston","USW00012918",78.5,"May",5,22,"0000-05-22",143
"510","Houston","USW00012918",78.7,"May",5,23,"0000-05-23",144
"511","Houston","USW00012918",78.9,"May",5,24,"0000-05-24",145
"512","Houston","USW00012918",79,"May",5,25,"0000-05-25",146
"513","Houston","USW00012918",79.2,"May",5,26,"0000-05-26",147
"514","Houston","USW00012918",79.4,"May",5,27,"0000-05-27",148
"515","Houston","USW00012918",79.6,"May",5,28,"0000-05-28",149
"516","Houston","USW00012918",79.8,"May",5,29,"0000-05-29",150
"517","Houston","USW00012918",79.9,"May",5,30,"0000-05-30",151
"518","Houston","USW00012918",80.1,"May",5,31,"0000-05-31",152
"519","Houston","USW00012918",80.3,"Jun",6,1,"0000-06-01",153
"520","Houston","USW00012918",80.4,"Jun",6,2,"0000-06-02",154
"521","Houston","USW00012918",80.6,"Jun",6,3,"0000-06-03",155
"522","Houston","USW00012918",80.7,"Jun",6,4,"0000-06-04",156
"523","Houston","USW00012918",80.9,"Jun",6,5,"0000-06-05",157
"524","Houston","USW00012918",81,"Jun",6,6,"0000-06-06",158
"525","Houston","USW00012918",81.2,"Jun",6,7,"0000-06-07",159
"526","Houston","USW00012918",81.3,"Jun",6,8,"0000-06-08",160
"527","Houston","USW00012918",81.4,"Jun",6,9,"0000-06-09",161
"528","Houston","USW00012918",81.5,"Jun",6,10,"0000-06-10",162
"529","Houston","USW00012918",81.7,"Jun",6,11,"0000-06-11",163
"530","Houston","USW00012918",81.8,"Jun",6,12,"0000-06-12",164
"531","Houston","USW00012918",81.9,"Jun",6,13,"0000-06-13",165
"532","Houston","USW00012918",82,"Jun",6,14,"0000-06-14",166
"533","Houston","USW00012918",82.1,"Jun",6,15,"0000-06-15",167
"534","Houston","USW00012918",82.2,"Jun",6,16,"0000-06-16",168
"535","Houston","USW00012918",82.3,"Jun",6,17,"0000-06-17",169
"536","Houston","USW00012918",82.4,"Jun",6,18,"0000-06-18",170
"537","Houston","USW00012918",82.5,"Jun",6,19,"0000-06-19",171
"538","Houston","USW00012918",82.5,"Jun",6,20,"0000-06-20",172
"539","Houston","USW00012918",82.6,"Jun",6,21,"0000-06-21",173
"540","Houston","USW00012918",82.7,"Jun",6,22,"0000-06-22",174
"541","Houston","USW00012918",82.8,"Jun",6,23,"0000-06-23",175
"542","Houston","USW00012918",82.8,"Jun",6,24,"0000-06-24",176
"543","Houston","USW00012918",82.9,"Jun",6,25,"0000-06-25",177
"544","Houston","USW00012918",83,"Jun",6,26,"0000-06-26",178
"545","Houston","USW00012918",83,"Jun",6,27,"0000-06-27",179
"546","Houston","USW00012918",83.1,"Jun",6,28,"0000-06-28",180
"547","Houston","USW00012918",83.1,"Jun",6,29,"0000-06-29",181
"548","Houston","USW00012918",83.2,"Jun",6,30,"0000-06-30",182
"549","Houston","USW00012918",83.2,"Jul",7,1,"0000-07-01",183
"550","Houston","USW00012918",83.3,"Jul",7,2,"0000-07-02",184
"551","Houston","USW00012918",83.3,"Jul",7,3,"0000-07-03",185
"552","Houston","USW00012918",83.4,"Jul",7,4,"0000-07-04",186
"553","Houston","USW00012918",83.4,"Jul",7,5,"0000-07-05",187
"554","Houston","USW00012918",83.5,"Jul",7,6,"0000-07-06",188
"555","Houston","USW00012918",83.5,"Jul",7,7,"0000-07-07",189
"556","Houston","USW00012918",83.5,"Jul",7,8,"0000-07-08",190
"557","Houston","USW00012918",83.6,"Jul",7,9,"0000-07-09",191
"558","Houston","USW00012918",83.6,"Jul",7,10,"0000-07-10",192
"559","Houston","USW00012918",83.7,"Jul",7,11,"0000-07-11",193
"560","Houston","USW00012918",83.7,"Jul",7,12,"0000-07-12",194
"561","Houston","USW00012918",83.7,"Jul",7,13,"0000-07-13",195
"562","Houston","USW00012918",83.8,"Jul",7,14,"0000-07-14",196
"563","Houston","USW00012918",83.8,"Jul",7,15,"0000-07-15",197
"564","Houston","USW00012918",83.8,"Jul",7,16,"0000-07-16",198
"565","Houston","USW00012918",83.8,"Jul",7,17,"0000-07-17",199
"566","Houston","USW00012918",83.9,"Jul",7,18,"0000-07-18",200
"567","Houston","USW00012918",83.9,"Jul",7,19,"0000-07-19",201
"568","Houston","USW00012918",83.9,"Jul",7,20,"0000-07-20",202
"569","Houston","USW00012918",84,"Jul",7,21,"0000-07-21",203
"570","Houston","USW00012918",84,"Jul",7,22,"0000-07-22",204
"571","Houston","USW00012918",84,"Jul",7,23,"0000-07-23",205
"572","Houston","USW00012918",84.1,"Jul",7,24,"0000-07-24",206
"573","Houston","USW00012918",84.1,"Jul",7,25,"0000-07-25",207
"574","Houston","USW00012918",84.1,"Jul",7,26,"0000-07-26",208
"575","Houston","USW00012918",84.2,"Jul",7,27,"0000-07-27",209
"576","Houston","USW00012918",84.2,"Jul",7,28,"0000-07-28",210
"577","Houston","USW00012918",84.2,"Jul",7,29,"0000-07-29",211
"578","Houston","USW00012918",84.2,"Jul",7,30,"0000-07-30",212
"579","Houston","USW00012918",84.3,"Jul",7,31,"0000-07-31",213
"580","Houston","USW00012918",84.3,"Aug",8,1,"0000-08-01",214
"581","Houston","USW00012918",84.3,"Aug",8,2,"0000-08-02",215
"582","Houston","USW00012918",84.3,"Aug",8,3,"0000-08-03",216
"583","Houston","USW00012918",84.4,"Aug",8,4,"0000-08-04",217
"584","Houston","USW00012918",84.4,"Aug",8,5,"0000-08-05",218
"585","Houston","USW00012918",84.4,"Aug",8,6,"0000-08-06",219
"586","Houston","USW00012918",84.4,"Aug",8,7,"0000-08-07",220
"587","Houston","USW00012918",84.4,"Aug",8,8,"0000-08-08",221
"588","Houston","USW00012918",84.4,"Aug",8,9,"0000-08-09",222
"589","Houston","USW00012918",84.4,"Aug",8,10,"0000-08-10",223
"590","Houston","USW00012918",84.4,"Aug",8,11,"0000-08-11",224
"591","Houston","USW00012918",84.4,"Aug",8,12,"0000-08-12",225
"592","Houston","USW00012918",84.4,"Aug",8,13,"0000-08-13",226
"593","Houston","USW00012918",84.4,"Aug",8,14,"0000-08-14",227
"594","Houston","USW00012918",84.4,"Aug",8,15,"0000-08-15",228
"595","Houston","USW00012918",84.4,"Aug",8,16,"0000-08-16",229
"596","Houston","USW00012918",84.3,"Aug",8,17,"0000-08-17",230
"597","Houston","USW00012918",84.3,"Aug",8,18,"0000-08-18",231
"598","Houston","USW00012918",84.3,"Aug",8,19,"0000-08-19",232
"599","Houston","USW00012918",84.2,"Aug",8,20,"0000-08-20",233
"600","Houston","USW00012918",84.2,"Aug",8,21,"0000-08-21",234
"601","Houston","USW00012918",84.1,"Aug",8,22,"0000-08-22",235
"602","Houston","USW00012918",84,"Aug",8,23,"0000-08-23",236
"603","Houston","USW00012918",84,"Aug",8,24,"0000-08-24",237
"604","Houston","USW00012918",83.9,"Aug",8,25,"0000-08-25",238
"605","Houston","USW00012918",83.8,"Aug",8,26,"0000-08-26",239
"606","Houston","USW00012918",83.7,"Aug",8,27,"0000-08-27",240
"607","Houston","USW00012918",83.6,"Aug",8,28,"0000-08-28",241
"608","Houston","USW00012918",83.5,"Aug",8,29,"0000-08-29",242
"609","Houston","USW00012918",83.3,"Aug",8,30,"0000-08-30",243
"610","Houston","USW00012918",83.2,"Aug",8,31,"0000-08-31",244
"611","Houston","USW00012918",83.1,"Sep",9,1,"0000-09-01",245
"612","Houston","USW00012918",82.9,"Sep",9,2,"0000-09-02",246
"613","Houston","USW00012918",82.8,"Sep",9,3,"0000-09-03",247
"614","Houston","USW00012918",82.6,"Sep",9,4,"0000-09-04",248
"615","Houston","USW00012918",82.4,"Sep",9,5,"0000-09-05",249
"616","Houston","USW00012918",82.2,"Sep",9,6,"0000-09-06",250
"617","Houston","USW00012918",82.1,"Sep",9,7,"0000-09-07",251
"618","Houston","USW00012918",81.9,"Sep",9,8,"0000-09-08",252
"619","Houston","USW00012918",81.7,"Sep",9,9,"0000-09-09",253
"620","Houston","USW00012918",81.5,"Sep",9,10,"0000-09-10",254
"621","Houston","USW00012918",81.2,"Sep",9,11,"0000-09-11",255
"622","Houston","USW00012918",81,"Sep",9,12,"0000-09-12",256
"623","Houston","USW00012918",80.8,"Sep",9,13,"0000-09-13",257
"624","Houston","USW00012918",80.6,"Sep",9,14,"0000-09-14",258
"625","Houston","USW00012918",80.3,"Sep",9,15,"0000-09-15",259
"626","Houston","USW00012918",80.1,"Sep",9,16,"0000-09-16",260
"627","Houston","USW00012918",79.9,"Sep",9,17,"0000-09-17",261
"628","Houston","USW00012918",79.6,"Sep",9,18,"0000-09-18",262
"629","Houston","USW00012918",79.4,"Sep",9,19,"0000-09-19",263
"630","Houston","USW00012918",79.1,"Sep",9,20,"0000-09-20",264
"631","Houston","USW00012918",78.8,"Sep",9,21,"0000-09-21",265
"632","Houston","USW00012918",78.6,"Sep",9,22,"0000-09-22",266
"633","Houston","USW00012918",78.3,"Sep",9,23,"0000-09-23",267
"634","Houston","USW00012918",78.1,"Sep",9,24,"0000-09-24",268
"635","Houston","USW00012918",77.8,"Sep",9,25,"0000-09-25",269
"636","Houston","USW00012918",77.5,"Sep",9,26,"0000-09-26",270
"637","Houston","USW00012918",77.3,"Sep",9,27,"0000-09-27",271
"638","Houston","USW00012918",77,"Sep",9,28,"0000-09-28",272
"639","Houston","USW00012918",76.7,"Sep",9,29,"0000-09-29",273
"640","Houston","USW00012918",76.5,"Sep",9,30,"0000-09-30",274
"641","Houston","USW00012918",76.2,"Oct",10,1,"0000-10-01",275
"642","Houston","USW00012918",75.9,"Oct",10,2,"0000-10-02",276
"643","Houston","USW00012918",75.7,"Oct",10,3,"0000-10-03",277
"644","Houston","USW00012918",75.4,"Oct",10,4,"0000-10-04",278
"645","Houston","USW00012918",75.1,"Oct",10,5,"0000-10-05",279
"646","Houston","USW00012918",74.8,"Oct",10,6,"0000-10-06",280
"647","Houston","USW00012918",74.6,"Oct",10,7,"0000-10-07",281
"648","Houston","USW00012918",74.3,"Oct",10,8,"0000-10-08",282
"649","Houston","USW00012918",74,"Oct",10,9,"0000-10-09",283
"650","Houston","USW00012918",73.8,"Oct",10,10,"0000-10-10",284
"651","Houston","USW00012918",73.5,"Oct",10,11,"0000-10-11",285
"652","Houston","USW00012918",73.2,"Oct",10,12,"0000-10-12",286
"653","Houston","USW00012918",73,"Oct",10,13,"0000-10-13",287
"654","Houston","USW00012918",72.7,"Oct",10,14,"0000-10-14",288
"655","Houston","USW00012918",72.4,"Oct",10,15,"0000-10-15",289
"656","Houston","USW00012918",72.2,"Oct",10,16,"0000-10-16",290
"657","Houston","USW00012918",71.9,"Oct",10,17,"0000-10-17",291
"658","Houston","USW00012918",71.6,"Oct",10,18,"0000-10-18",292
"659","Houston","USW00012918",71.4,"Oct",10,19,"0000-10-19",293
"660","Houston","USW00012918",71.1,"Oct",10,20,"0000-10-20",294
"661","Houston","USW00012918",70.8,"Oct",10,21,"0000-10-21",295
"662","Houston","USW00012918",70.6,"Oct",10,22,"0000-10-22",296
"663","Houston","USW00012918",70.3,"Oct",10,23,"0000-10-23",297
"664","Houston","USW00012918",70,"Oct",10,24,"0000-10-24",298
"665","Houston","USW00012918",69.7,"Oct",10,25,"0000-10-25",299
"666","Houston","USW00012918",69.4,"Oct",10,26,"0000-10-26",300
"667","Houston","USW00012918",69.2,"Oct",10,27,"0000-10-27",301
"668","Houston","USW00012918",68.9,"Oct",10,28,"0000-10-28",302
"669","Houston","USW00012918",68.6,"Oct",10,29,"0000-10-29",303
"670","Houston","USW00012918",68.3,"Oct",10,30,"0000-10-30",304
"671","Houston","USW00012918",68,"Oct",10,31,"0000-10-31",305
"672","Houston","USW00012918",67.7,"Nov",11,1,"0000-11-01",306
"673","Houston","USW00012918",67.4,"Nov",11,2,"0000-11-02",307
"674","Houston","USW00012918",67.1,"Nov",11,3,"0000-11-03",308
"675","Houston","USW00012918",66.8,"Nov",11,4,"0000-11-04",309
"676","Houston","USW00012918",66.5,"Nov",11,5,"0000-11-05",310
"677","Houston","USW00012918",66.2,"Nov",11,6,"0000-11-06",311
"678","Houston","USW00012918",65.9,"Nov",11,7,"0000-11-07",312
"679","Houston","USW00012918",65.5,"Nov",11,8,"0000-11-08",313
"680","Houston","USW00012918",65.2,"Nov",11,9,"0000-11-09",314
"681","Houston","USW00012918",64.9,"Nov",11,10,"0000-11-10",315
"682","Houston","USW00012918",64.6,"Nov",11,11,"0000-11-11",316
"683","Houston","USW00012918",64.3,"Nov",11,12,"0000-11-12",317
"684","Houston","USW00012918",63.9,"Nov",11,13,"0000-11-13",318
"685","Houston","USW00012918",63.6,"Nov",11,14,"0000-11-14",319
"686","Houston","USW00012918",63.3,"Nov",11,15,"0000-11-15",320
"687","Houston","USW00012918",63,"Nov",11,16,"0000-11-16",321
"688","Houston","USW00012918",62.6,"Nov",11,17,"0000-11-17",322
"689","Houston","USW00012918",62.3,"Nov",11,18,"0000-11-18",323
"690","Houston","USW00012918",62,"Nov",11,19,"0000-11-19",324
"691","Houston","USW00012918",61.7,"Nov",11,20,"0000-11-20",325
"692","Houston","USW00012918",61.4,"Nov",11,21,"0000-11-21",326
"693","Houston","USW00012918",61.1,"Nov",11,22,"0000-11-22",327
"694","Houston","USW00012918",60.7,"Nov",11,23,"0000-11-23",328
"695","Houston","USW00012918",60.4,"Nov",11,24,"0000-11-24",329
"696","Houston","USW00012918",60.1,"Nov",11,25,"0000-11-25",330
"697","Houston","USW00012918",59.8,"Nov",11,26,"0000-11-26",331
"698","Houston","USW00012918",59.5,"Nov",11,27,"0000-11-27",332
"699","Houston","USW00012918",59.3,"Nov",11,28,"0000-11-28",333
"700","Houston","USW00012918",59,"Nov",11,29,"0000-11-29",334
"701","Houston","USW00012918",58.7,"Nov",11,30,"0000-11-30",335
"702","Houston","USW00012918",58.4,"Dec",12,1,"0000-12-01",336
"703","Houston","USW00012918",58.2,"Dec",12,2,"0000-12-02",337
"704","Houston","USW00012918",57.9,"Dec",12,3,"0000-12-03",338
"705","Houston","USW00012918",57.7,"Dec",12,4,"0000-12-04",339
"706","Houston","USW00012918",57.4,"Dec",12,5,"0000-12-05",340
"707","Houston","USW00012918",57.2,"Dec",12,6,"0000-12-06",341
"708","Houston","USW00012918",57,"Dec",12,7,"0000-12-07",342
"709","Houston","USW00012918",56.7,"Dec",12,8,"0000-12-08",343
"710","Houston","USW00012918",56.5,"Dec",12,9,"0000-12-09",344
"711","Houston","USW00012918",56.3,"Dec",12,10,"0000-12-10",345
"712","Houston","USW00012918",56.1,"Dec",12,11,"0000-12-11",346
"713","Houston","USW00012918",55.9,"Dec",12,12,"0000-12-12",347
"714","Houston","USW00012918",55.8,"Dec",12,13,"0000-12-13",348
"715","Houston","USW00012918",55.6,"Dec",12,14,"0000-12-14",349
"716","Houston","USW00012918",55.4,"Dec",12,15,"0000-12-15",350
"717","Houston","USW00012918",55.3,"Dec",12,16,"0000-12-16",351
"718","Houston","USW00012918",55.1,"Dec",12,17,"0000-12-17",352
"719","Houston","USW00012918",55,"Dec",12,18,"0000-12-18",353
"720","Houston","USW00012918",54.9,"Dec",12,19,"0000-12-19",354
"721","Houston","USW00012918",54.8,"Dec",12,20,"0000-12-20",355
"722","Houston","USW00012918",54.6,"Dec",12,21,"0000-12-21",356
"723","Houston","USW00012918",54.5,"Dec",12,22,"0000-12-22",357
"724","Houston","USW00012918",54.4,"Dec",12,23,"0000-12-23",358
"725","Houston","USW00012918",54.3,"Dec",12,24,"0000-12-24",359
"726","Houston","USW00012918",54.3,"Dec",12,25,"0000-12-25",360
"727","Houston","USW00012918",54.2,"Dec",12,26,"0000-12-26",361
"728","Houston","USW00012918",54.1,"Dec",12,27,"0000-12-27",362
"729","Houston","USW00012918",54.1,"Dec",12,28,"0000-12-28",363
"730","Houston","USW00012918",54,"Dec",12,29,"0000-12-29",364
"731","Houston","USW00012918",53.9,"Dec",12,30,"0000-12-30",365
"732","Houston","USW00012918",53.9,"Dec",12,31,"0000-12-31",366
"733","Chicago","USW00014819",25.6,"Jan",1,1,"0000-01-01",1
"734","Chicago","USW00014819",25.5,"Jan",1,2,"0000-01-02",2
"735","Chicago","USW00014819",25.3,"Jan",1,3,"0000-01-03",3
"736","Chicago","USW00014819",25.2,"Jan",1,4,"0000-01-04",4
"737","Chicago","USW00014819",25.1,"Jan",1,5,"0000-01-05",5
"738","Chicago","USW00014819",25.1,"Jan",1,6,"0000-01-06",6
"739","Chicago","USW00014819",25,"Jan",1,7,"0000-01-07",7
"740","Chicago","USW00014819",24.9,"Jan",1,8,"0000-01-08",8
"741","Chicago","USW00014819",24.8,"Jan",1,9,"0000-01-09",9
"742","Chicago","USW00014819",24.8,"Jan",1,10,"0000-01-10",10
"743","Chicago","USW00014819",24.7,"Jan",1,11,"0000-01-11",11
"744","Chicago","USW00014819",24.7,"Jan",1,12,"0000-01-12",12
"745","Chicago","USW00014819",24.6,"Jan",1,13,"0000-01-13",13
"746","Chicago","USW00014819",24.6,"Jan",1,14,"0000-01-14",14
"747","Chicago","USW00014819",24.5,"Jan",1,15,"0000-01-15",15
"748","Chicago","USW00014819",24.5,"Jan",1,16,"0000-01-16",16
"749","Chicago","USW00014819",24.5,"Jan",1,17,"0000-01-17",17
"750","Chicago","USW00014819",24.5,"Jan",1,18,"0000-01-18",18
"751","Chicago","USW00014819",24.5,"Jan",1,19,"0000-01-19",19
"752","Chicago","USW00014819",24.5,"Jan",1,20,"0000-01-20",20
"753","Chicago","USW00014819",24.5,"Jan",1,21,"0000-01-21",21
"754","Chicago","USW00014819",24.6,"Jan",1,22,"0000-01-22",22
"755","Chicago","USW00014819",24.6,"Jan",1,23,"0000-01-23",23
"756","Chicago","USW00014819",24.7,"Jan",1,24,"0000-01-24",24
"757","Chicago","USW00014819",24.7,"Jan",1,25,"0000-01-25",25
"758","Chicago","USW00014819",24.8,"Jan",1,26,"0000-01-26",26
"759","Chicago","USW00014819",24.9,"Jan",1,27,"0000-01-27",27
"760","Chicago","USW00014819",25,"Jan",1,28,"0000-01-28",28
"761","Chicago","USW00014819",25.1,"Jan",1,29,"0000-01-29",29
"762","Chicago","USW00014819",25.2,"Jan",1,30,"0000-01-30",30
"763","Chicago","USW00014819",25.3,"Jan",1,31,"0000-01-31",31
"764","Chicago","USW00014819",25.5,"Feb",2,1,"0000-02-01",32
"765","Chicago","USW00014819",25.6,"Feb",2,2,"0000-02-02",33
"766","Chicago","USW00014819",25.8,"Feb",2,3,"0000-02-03",34
"767","Chicago","USW00014819",26,"Feb",2,4,"0000-02-04",35
"768","Chicago","USW00014819",26.1,"Feb",2,5,"0000-02-05",36
"769","Chicago","USW00014819",26.3,"Feb",2,6,"0000-02-06",37
"770","Chicago","USW00014819",26.6,"Feb",2,7,"0000-02-07",38
"771","Chicago","USW00014819",26.8,"Feb",2,8,"0000-02-08",39
"772","Chicago","USW00014819",27,"Feb",2,9,"0000-02-09",40
"773","Chicago","USW00014819",27.3,"Feb",2,10,"0000-02-10",41
"774","Chicago","USW00014819",27.5,"Feb",2,11,"0000-02-11",42
"775","Chicago","USW00014819",27.8,"Feb",2,12,"0000-02-12",43
"776","Chicago","USW00014819",28.1,"Feb",2,13,"0000-02-13",44
"777","Chicago","USW00014819",28.3,"Feb",2,14,"0000-02-14",45
"778","Chicago","USW00014819",28.6,"Feb",2,15,"0000-02-15",46
"779","Chicago","USW00014819",28.9,"Feb",2,16,"0000-02-16",47
"780","Chicago","USW00014819",29.2,"Feb",2,17,"0000-02-17",48
"781","Chicago","USW00014819",29.6,"Feb",2,18,"0000-02-18",49
"782","Chicago","USW00014819",29.9,"Feb",2,19,"0000-02-19",50
"783","Chicago","USW00014819",30.2,"Feb",2,20,"0000-02-20",51
"784","Chicago","USW00014819",30.5,"Feb",2,21,"0000-02-21",52
"785","Chicago","USW00014819",30.9,"Feb",2,22,"0000-02-22",53
"786","Chicago","USW00014819",31.2,"Feb",2,23,"0000-02-23",54
"787","Chicago","USW00014819",31.6,"Feb",2,24,"0000-02-24",55
"788","Chicago","USW00014819",31.9,"Feb",2,25,"0000-02-25",56
"789","Chicago","USW00014819",32.3,"Feb",2,26,"0000-02-26",57
"790","Chicago","USW00014819",32.6,"Feb",2,27,"0000-02-27",58
"791","Chicago","USW00014819",33,"Feb",2,28,"0000-02-28",59
"792","Chicago","USW00014819",33.2,"Feb",2,29,"0000-02-29",60
"793","Chicago","USW00014819",33.3,"Mar",3,1,"0000-03-01",61
"794","Chicago","USW00014819",33.7,"Mar",3,2,"0000-03-02",62
"795","Chicago","USW00014819",34.1,"Mar",3,3,"0000-03-03",63
"796","Chicago","USW00014819",34.4,"Mar",3,4,"0000-03-04",64
"797","Chicago","USW00014819",34.8,"Mar",3,5,"0000-03-05",65
"798","Chicago","USW00014819",35.2,"Mar",3,6,"0000-03-06",66
"799","Chicago","USW00014819",35.5,"Mar",3,7,"0000-03-07",67
"800","Chicago","USW00014819",35.9,"Mar",3,8,"0000-03-08",68
"801","Chicago","USW00014819",36.3,"Mar",3,9,"0000-03-09",69
"802","Chicago","USW00014819",36.6,"Mar",3,10,"0000-03-10",70
"803","Chicago","USW00014819",37,"Mar",3,11,"0000-03-11",71
"804","Chicago","USW00014819",37.4,"Mar",3,12,"0000-03-12",72
"805","Chicago","USW00014819",37.7,"Mar",3,13,"0000-03-13",73
"806","Chicago","USW00014819",38.1,"Mar",3,14,"0000-03-14",74
"807","Chicago","USW00014819",38.5,"Mar",3,15,"0000-03-15",75
"808","Chicago","USW00014819",38.8,"Mar",3,16,"0000-03-16",76
"809","Chicago","USW00014819",39.2,"Mar",3,17,"0000-03-17",77
"810","Chicago","USW00014819",39.6,"Mar",3,18,"0000-03-18",78
"811","Chicago","USW00014819",39.9,"Mar",3,19,"0000-03-19",79
"812","Chicago","USW00014819",40.3,"Mar",3,20,"0000-03-20",80
"813","Chicago","USW00014819",40.7,"Mar",3,21,"0000-03-21",81
"814","Chicago","USW00014819",41,"Mar",3,22,"0000-03-22",82
"815","Chicago","USW00014819",41.4,"Mar",3,23,"0000-03-23",83
"816","Chicago","USW00014819",41.8,"Mar",3,24,"0000-03-24",84
"817","Chicago","USW00014819",42.2,"Mar",3,25,"0000-03-25",85
"818","Chicago","USW00014819",42.5,"Mar",3,26,"0000-03-26",86
"819","Chicago","USW00014819",42.9,"Mar",3,27,"0000-03-27",87
"820","Chicago","USW00014819",43.3,"Mar",3,28,"0000-03-28",88
"821","Chicago","USW00014819",43.7,"Mar",3,29,"0000-03-29",89
"822","Chicago","USW00014819",44.1,"Mar",3,30,"0000-03-30",90
"823","Chicago","USW00014819",44.4,"Mar",3,31,"0000-03-31",91
"824","Chicago","USW00014819",44.8,"Apr",4,1,"0000-04-01",92
"825","Chicago","USW00014819",45.2,"Apr",4,2,"0000-04-02",93
"826","Chicago","USW00014819",45.6,"Apr",4,3,"0000-04-03",94
"827","Chicago","USW00014819",46,"Apr",4,4,"0000-04-04",95
"828","Chicago","USW00014819",46.4,"Apr",4,5,"0000-04-05",96
"829","Chicago","USW00014819",46.8,"Apr",4,6,"0000-04-06",97
"830","Chicago","USW00014819",47.2,"Apr",4,7,"0000-04-07",98
"831","Chicago","USW00014819",47.6,"Apr",4,8,"0000-04-08",99
"832","Chicago","USW00014819",48,"Apr",4,9,"0000-04-09",100
"833","Chicago","USW00014819",48.4,"Apr",4,10,"0000-04-10",101
"834","Chicago","USW00014819",48.7,"Apr",4,11,"0000-04-11",102
"835","Chicago","USW00014819",49.1,"Apr",4,12,"0000-04-12",103
"836","Chicago","USW00014819",49.5,"Apr",4,13,"0000-04-13",104
"837","Chicago","USW00014819",49.9,"Apr",4,14,"0000-04-14",105
"838","Chicago","USW00014819",50.3,"Apr",4,15,"0000-04-15",106
"839","Chicago","USW00014819",50.7,"Apr",4,16,"0000-04-16",107
"840","Chicago","USW00014819",51.1,"Apr",4,17,"0000-04-17",108
"841","Chicago","USW00014819",51.5,"Apr",4,18,"0000-04-18",109
"842","Chicago","USW00014819",51.9,"Apr",4,19,"0000-04-19",110
"843","Chicago","USW00014819",52.2,"Apr",4,20,"0000-04-20",111
"844","Chicago","USW00014819",52.6,"Apr",4,21,"0000-04-21",112
"845","Chicago","USW00014819",53,"Apr",4,22,"0000-04-22",113
"846","Chicago","USW00014819",53.4,"Apr",4,23,"0000-04-23",114
"847","Chicago","USW00014819",53.7,"Apr",4,24,"0000-04-24",115
"848","Chicago","USW00014819",54.1,"Apr",4,25,"0000-04-25",116
"849","Chicago","USW00014819",54.5,"Apr",4,26,"0000-04-26",117
"850","Chicago","USW00014819",54.8,"Apr",4,27,"0000-04-27",118
"851","Chicago","USW00014819",55.2,"Apr",4,28,"0000-04-28",119
"852","Chicago","USW00014819",55.5,"Apr",4,29,"0000-04-29",120
"853","Chicago","USW00014819",55.8,"Apr",4,30,"0000-04-30",121
"854","Chicago","USW00014819",56.2,"May",5,1,"0000-05-01",122
"855","Chicago","USW00014819",56.5,"May",5,2,"0000-05-02",123
"856","Chicago","USW00014819",56.8,"May",5,3,"0000-05-03",124
"857","Chicago","USW00014819",57.2,"May",5,4,"0000-05-04",125
"858","Chicago","USW00014819",57.5,"May",5,5,"0000-05-05",126
"859","Chicago","USW00014819",57.8,"May",5,6,"0000-05-06",127
"860","Chicago","USW00014819",58.1,"May",5,7,"0000-05-07",128
"861","Chicago","USW00014819",58.4,"May",5,8,"0000-05-08",129
"862","Chicago","USW00014819",58.7,"May",5,9,"0000-05-09",130
"863","Chicago","USW00014819",59,"May",5,10,"0000-05-10",131
"864","Chicago","USW00014819",59.3,"May",5,11,"0000-05-11",132
"865","Chicago","USW00014819",59.6,"May",5,12,"0000-05-12",133
"866","Chicago","USW00014819",60,"May",5,13,"0000-05-13",134
"867","Chicago","USW00014819",60.3,"May",5,14,"0000-05-14",135
"868","Chicago","USW00014819",60.6,"May",5,15,"0000-05-15",136
"869","Chicago","USW00014819",60.9,"May",5,16,"0000-05-16",137
"870","Chicago","USW00014819",61.2,"May",5,17,"0000-05-17",138
"871","Chicago","USW00014819",61.5,"May",5,18,"0000-05-18",139
"872","Chicago","USW00014819",61.8,"May",5,19,"0000-05-19",140
"873","Chicago","USW00014819",62.1,"May",5,20,"0000-05-20",141
"874","Chicago","USW00014819",62.4,"May",5,21,"0000-05-21",142
"875","Chicago","USW00014819",62.7,"May",5,22,"0000-05-22",143
"876","Chicago","USW00014819",63,"May",5,23,"0000-05-23",144
"877","Chicago","USW00014819",63.4,"May",5,24,"0000-05-24",145
"878","Chicago","USW00014819",63.7,"May",5,25,"0000-05-25",146
"879","Chicago","USW00014819",64,"May",5,26,"0000-05-26",147
"880","Chicago","USW00014819",64.4,"May",5,27,"0000-05-27",148
"881","Chicago","USW00014819",64.7,"May",5,28,"0000-05-28",149
"882","Chicago","USW00014819",65,"May",5,29,"0000-05-29",150
"883","Chicago","USW00014819",65.4,"May",5,30,"0000-05-30",151
"884","Chicago","USW00014819",65.7,"May",5,31,"0000-05-31",152
"885","Chicago","USW00014819",66.1,"Jun",6,1,"0000-06-01",153
"886","Chicago","USW00014819",66.4,"Jun",6,2,"0000-06-02",154
"887","Chicago","USW00014819",66.8,"Jun",6,3,"0000-06-03",155
"888","Chicago","USW00014819",67.2,"Jun",6,4,"0000-06-04",156
"889","Chicago","USW00014819",67.5,"Jun",6,5,"0000-06-05",157
"890","Chicago","USW00014819",67.9,"Jun",6,6,"0000-06-06",158
"891","Chicago","USW00014819",68.2,"Jun",6,7,"0000-06-07",159
"892","Chicago","USW00014819",68.6,"Jun",6,8,"0000-06-08",160
"893","Chicago","USW00014819",69,"Jun",6,9,"0000-06-09",161
"894","Chicago","USW00014819",69.3,"Jun",6,10,"0000-06-10",162
"895","Chicago","USW00014819",69.7,"Jun",6,11,"0000-06-11",163
"896","Chicago","USW00014819",70,"Jun",6,12,"0000-06-12",164
"897","Chicago","USW00014819",70.4,"Jun",6,13,"0000-06-13",165
"898","Chicago","USW00014819",70.7,"Jun",6,14,"0000-06-14",166
"899","Chicago","USW00014819",71.1,"Jun",6,15,"0000-06-15",167
"900","Chicago","USW00014819",71.4,"Jun",6,16,"0000-06-16",168
"901","Chicago","USW00014819",71.7,"Jun",6,17,"0000-06-17",169
"902","Chicago","USW00014819",72.1,"Jun",6,18,"0000-06-18",170
"903","Chicago","USW00014819",72.4,"Jun",6,19,"0000-06-19",171
"904","Chicago","USW00014819",72.7,"Jun",6,20,"0000-06-20",172
"905","Chicago","USW00014819",73,"Jun",6,21,"0000-06-21",173
"906","Chicago","USW00014819",73.2,"Jun",6,22,"0000-06-22",174
"907","Chicago","USW00014819",73.5,"Jun",6,23,"0000-06-23",175
"908","Chicago","USW00014819",73.8,"Jun",6,24,"0000-06-24",176
"909","Chicago","USW00014819",74,"Jun",6,25,"0000-06-25",177
"910","Chicago","USW00014819",74.3,"Jun",6,26,"0000-06-26",178
"911","Chicago","USW00014819",74.5,"Jun",6,27,"0000-06-27",179
"912","Chicago","USW00014819",74.7,"Jun",6,28,"0000-06-28",180
"913","Chicago","USW00014819",74.9,"Jun",6,29,"0000-06-29",181
"914","Chicago","USW00014819",75.1,"Jun",6,30,"0000-06-30",182
"915","Chicago","USW00014819",75.2,"Jul",7,1,"0000-07-01",183
"916","Chicago","USW00014819",75.4,"Jul",7,2,"0000-07-02",184
"917","Chicago","USW00014819",75.5,"Jul",7,3,"0000-07-03",185
"918","Chicago","USW00014819",75.6,"Jul",7,4,"0000-07-04",186
"919","Chicago","USW00014819",75.7,"Jul",7,5,"0000-07-05",187
"920","Chicago","USW00014819",75.8,"Jul",7,6,"0000-07-06",188
"921","Chicago","USW00014819",75.9,"Jul",7,7,"0000-07-07",189
"922","Chicago","USW00014819",76,"Jul",7,8,"0000-07-08",190
"923","Chicago","USW00014819",76,"Jul",7,9,"0000-07-09",191
"924","Chicago","USW00014819",76.1,"Jul",7,10,"0000-07-10",192
"925","Chicago","USW00014819",76.1,"Jul",7,11,"0000-07-11",193
"926","Chicago","USW00014819",76.1,"Jul",7,12,"0000-07-12",194
"927","Chicago","USW00014819",76.2,"Jul",7,13,"0000-07-13",195
"928","Chicago","USW00014819",76.2,"Jul",7,14,"0000-07-14",196
"929","Chicago","USW00014819",76.2,"Jul",7,15,"0000-07-15",197
"930","Chicago","USW00014819",76.1,"Jul",7,16,"0000-07-16",198
"931","Chicago","USW00014819",76.1,"Jul",7,17,"0000-07-17",199
"932","Chicago","USW00014819",76.1,"Jul",7,18,"0000-07-18",200
"933","Chicago","USW00014819",76.1,"Jul",7,19,"0000-07-19",201
"934","Chicago","USW00014819",76,"Jul",7,20,"0000-07-20",202
"935","Chicago","USW00014819",76,"Jul",7,21,"0000-07-21",203
"936","Chicago","USW00014819",75.9,"Jul",7,22,"0000-07-22",204
"937","Chicago","USW00014819",75.9,"Jul",7,23,"0000-07-23",205
"938","Chicago","USW00014819",75.8,"Jul",7,24,"0000-07-24",206
"939","Chicago","USW00014819",75.8,"Jul",7,25,"0000-07-25",207
"940","Chicago","USW00014819",75.7,"Jul",7,26,"0000-07-26",208
"941","Chicago","USW00014819",75.7,"Jul",7,27,"0000-07-27",209
"942","Chicago","USW00014819",75.6,"Jul",7,28,"0000-07-28",210
"943","Chicago","USW00014819",75.5,"Jul",7,29,"0000-07-29",211
"944","Chicago","USW00014819",75.5,"Jul",7,30,"0000-07-30",212
"945","Chicago","USW00014819",75.4,"Jul",7,31,"0000-07-31",213
"946","Chicago","USW00014819",75.4,"Aug",8,1,"0000-08-01",214
"947","Chicago","USW00014819",75.3,"Aug",8,2,"0000-08-02",215
"948","Chicago","USW00014819",75.2,"Aug",8,3,"0000-08-03",216
"949","Chicago","USW00014819",75.2,"Aug",8,4,"0000-08-04",217
"950","Chicago","USW00014819",75.1,"Aug",8,5,"0000-08-05",218
"951","Chicago","USW00014819",75.1,"Aug",8,6,"0000-08-06",219
"952","Chicago","USW00014819",75,"Aug",8,7,"0000-08-07",220
"953","Chicago","USW00014819",75,"Aug",8,8,"0000-08-08",221
"954","Chicago","USW00014819",74.9,"Aug",8,9,"0000-08-09",222
"955","Chicago","USW00014819",74.8,"Aug",8,10,"0000-08-10",223
"956","Chicago","USW00014819",74.8,"Aug",8,11,"0000-08-11",224
"957","Chicago","USW00014819",74.7,"Aug",8,12,"0000-08-12",225
"958","Chicago","USW00014819",74.6,"Aug",8,13,"0000-08-13",226
"959","Chicago","USW00014819",74.6,"Aug",8,14,"0000-08-14",227
"960","Chicago","USW00014819",74.5,"Aug",8,15,"0000-08-15",228
"961","Chicago","USW00014819",74.4,"Aug",8,16,"0000-08-16",229
"962","Chicago","USW00014819",74.3,"Aug",8,17,"0000-08-17",230
"963","Chicago","USW00014819",74.2,"Aug",8,18,"0000-08-18",231
"964","Chicago","USW00014819",74.1,"Aug",8,19,"0000-08-19",232
"965","Chicago","USW00014819",74,"Aug",8,20,"0000-08-20",233
"966","Chicago","USW00014819",73.9,"Aug",8,21,"0000-08-21",234
"967","Chicago","USW00014819",73.7,"Aug",8,22,"0000-08-22",235
"968","Chicago","USW00014819",73.6,"Aug",8,23,"0000-08-23",236
"969","Chicago","USW00014819",73.4,"Aug",8,24,"0000-08-24",237
"970","Chicago","USW00014819",73.3,"Aug",8,25,"0000-08-25",238
"971","Chicago","USW00014819",73.1,"Aug",8,26,"0000-08-26",239
"972","Chicago","USW00014819",72.9,"Aug",8,27,"0000-08-27",240
"973","Chicago","USW00014819",72.7,"Aug",8,28,"0000-08-28",241
"974","Chicago","USW00014819",72.5,"Aug",8,29,"0000-08-29",242
"975","Chicago","USW00014819",72.3,"Aug",8,30,"0000-08-30",243
"976","Chicago","USW00014819",72,"Aug",8,31,"0000-08-31",244
"977","Chicago","USW00014819",71.8,"Sep",9,1,"0000-09-01",245
"978","Chicago","USW00014819",71.5,"Sep",9,2,"0000-09-02",246
"979","Chicago","USW00014819",71.2,"Sep",9,3,"0000-09-03",247
"980","Chicago","USW00014819",70.9,"Sep",9,4,"0000-09-04",248
"981","Chicago","USW00014819",70.6,"Sep",9,5,"0000-09-05",249
"982","Chicago","USW00014819",70.3,"Sep",9,6,"0000-09-06",250
"983","Chicago","USW00014819",69.9,"Sep",9,7,"0000-09-07",251
"984","Chicago","USW00014819",69.6,"Sep",9,8,"0000-09-08",252
"985","Chicago","USW00014819",69.2,"Sep",9,9,"0000-09-09",253
"986","Chicago","USW00014819",68.8,"Sep",9,10,"0000-09-10",254
"987","Chicago","USW00014819",68.5,"Sep",9,11,"0000-09-11",255
"988","Chicago","USW00014819",68.1,"Sep",9,12,"0000-09-12",256
"989","Chicago","USW00014819",67.7,"Sep",9,13,"0000-09-13",257
"990","Chicago","USW00014819",67.2,"Sep",9,14,"0000-09-14",258
"991","Chicago","USW00014819",66.8,"Sep",9,15,"0000-09-15",259
"992","Chicago","USW00014819",66.4,"Sep",9,16,"0000-09-16",260
"993","Chicago","USW00014819",66,"Sep",9,17,"0000-09-17",261
"994","Chicago","USW00014819",65.5,"Sep",9,18,"0000-09-18",262
"995","Chicago","USW00014819",65.1,"Sep",9,19,"0000-09-19",263
"996","Chicago","USW00014819",64.7,"Sep",9,20,"0000-09-20",264
"997","Chicago","USW00014819",64.2,"Sep",9,21,"0000-09-21",265
"998","Chicago","USW00014819",63.8,"Sep",9,22,"0000-09-22",266
"999","Chicago","USW00014819",63.3,"Sep",9,23,"0000-09-23",267
"1000","Chicago","USW00014819",62.9,"Sep",9,24,"0000-09-24",268
"1001","Chicago","USW00014819",62.4,"Sep",9,25,"0000-09-25",269
"1002","Chicago","USW00014819",62,"Sep",9,26,"0000-09-26",270
"1003","Chicago","USW00014819",61.6,"Sep",9,27,"0000-09-27",271
"1004","Chicago","USW00014819",61.1,"Sep",9,28,"0000-09-28",272
"1005","Chicago","USW00014819",60.7,"Sep",9,29,"0000-09-29",273
"1006","Chicago","USW00014819",60.3,"Sep",9,30,"0000-09-30",274
"1007","Chicago","USW00014819",59.9,"Oct",10,1,"0000-10-01",275
"1008","Chicago","USW00014819",59.4,"Oct",10,2,"0000-10-02",276
"1009","Chicago","USW00014819",59,"Oct",10,3,"0000-10-03",277
"1010","Chicago","USW00014819",58.6,"Oct",10,4,"0000-10-04",278
"1011","Chicago","USW00014819",58.2,"Oct",10,5,"0000-10-05",279
"1012","Chicago","USW00014819",57.8,"Oct",10,6,"0000-10-06",280
"1013","Chicago","USW00014819",57.5,"Oct",10,7,"0000-10-07",281
"1014","Chicago","USW00014819",57.1,"Oct",10,8,"0000-10-08",282
"1015","Chicago","USW00014819",56.7,"Oct",10,9,"0000-10-09",283
"1016","Chicago","USW00014819",56.3,"Oct",10,10,"0000-10-10",284
"1017","Chicago","USW00014819",56,"Oct",10,11,"0000-10-11",285
"1018","Chicago","USW00014819",55.6,"Oct",10,12,"0000-10-12",286
"1019","Chicago","USW00014819",55.3,"Oct",10,13,"0000-10-13",287
"1020","Chicago","USW00014819",54.9,"Oct",10,14,"0000-10-14",288
"1021","Chicago","USW00014819",54.5,"Oct",10,15,"0000-10-15",289
"1022","Chicago","USW00014819",54.2,"Oct",10,16,"0000-10-16",290
"1023","Chicago","USW00014819",53.9,"Oct",10,17,"0000-10-17",291
"1024","Chicago","USW00014819",53.5,"Oct",10,18,"0000-10-18",292
"1025","Chicago","USW00014819",53.2,"Oct",10,19,"0000-10-19",293
"1026","Chicago","USW00014819",52.8,"Oct",10,20,"0000-10-20",294
"1027","Chicago","USW00014819",52.5,"Oct",10,21,"0000-10-21",295
"1028","Chicago","USW00014819",52.1,"Oct",10,22,"0000-10-22",296
"1029","Chicago","USW00014819",51.8,"Oct",10,23,"0000-10-23",297
"1030","Chicago","USW00014819",51.4,"Oct",10,24,"0000-10-24",298
"1031","Chicago","USW00014819",51.1,"Oct",10,25,"0000-10-25",299
"1032","Chicago","USW00014819",50.7,"Oct",10,26,"0000-10-26",300
"1033","Chicago","USW00014819",50.3,"Oct",10,27,"0000-10-27",301
"1034","Chicago","USW00014819",49.9,"Oct",10,28,"0000-10-28",302
"1035","Chicago","USW00014819",49.6,"Oct",10,29,"0000-10-29",303
"1036","Chicago","USW00014819",49.2,"Oct",10,30,"0000-10-30",304
"1037","Chicago","USW00014819",48.8,"Oct",10,31,"0000-10-31",305
"1038","Chicago","USW00014819",48.4,"Nov",11,1,"0000-11-01",306
"1039","Chicago","USW00014819",48,"Nov",11,2,"0000-11-02",307
"1040","Chicago","USW00014819",47.5,"Nov",11,3,"0000-11-03",308
"1041","Chicago","USW00014819",47.1,"Nov",11,4,"0000-11-04",309
"1042","Chicago","USW00014819",46.7,"Nov",11,5,"0000-11-05",310
"1043","Chicago","USW00014819",46.2,"Nov",11,6,"0000-11-06",311
"1044","Chicago","USW00014819",45.8,"Nov",11,7,"0000-11-07",312
"1045","Chicago","USW00014819",45.3,"Nov",11,8,"0000-11-08",313
"1046","Chicago","USW00014819",44.8,"Nov",11,9,"0000-11-09",314
"1047","Chicago","USW00014819",44.4,"Nov",11,10,"0000-11-10",315
"1048","Chicago","USW00014819",43.9,"Nov",11,11,"0000-11-11",316
"1049","Chicago","USW00014819",43.4,"Nov",11,12,"0000-11-12",317
"1050","Chicago","USW00014819",42.9,"Nov",11,13,"0000-11-13",318
"1051","Chicago","USW00014819",42.4,"Nov",11,14,"0000-11-14",319
"1052","Chicago","USW00014819",41.9,"Nov",11,15,"0000-11-15",320
"1053","Chicago","USW00014819",41.4,"Nov",11,16,"0000-11-16",321
"1054","Chicago","USW00014819",40.9,"Nov",11,17,"0000-11-17",322
"1055","Chicago","USW00014819",40.4,"Nov",11,18,"0000-11-18",323
"1056","Chicago","USW00014819",39.9,"Nov",11,19,"0000-11-19",324
"1057","Chicago","USW00014819",39.4,"Nov",11,20,"0000-11-20",325
"1058","Chicago","USW00014819",38.8,"Nov",11,21,"0000-11-21",326
"1059","Chicago","USW00014819",38.3,"Nov",11,22,"0000-11-22",327
"1060","Chicago","USW00014819",37.8,"Nov",11,23,"0000-11-23",328
"1061","Chicago","USW00014819",37.3,"Nov",11,24,"0000-11-24",329
"1062","Chicago","USW00014819",36.8,"Nov",11,25,"0000-11-25",330
"1063","Chicago","USW00014819",36.3,"Nov",11,26,"0000-11-26",331
"1064","Chicago","USW00014819",35.8,"Nov",11,27,"0000-11-27",332
"1065","Chicago","USW00014819",35.4,"Nov",11,28,"0000-11-28",333
"1066","Chicago","USW00014819",34.9,"Nov",11,29,"0000-11-29",334
"1067","Chicago","USW00014819",34.4,"Nov",11,30,"0000-11-30",335
"1068","Chicago","USW00014819",34,"Dec",12,1,"0000-12-01",336
"1069","Chicago","USW00014819",33.5,"Dec",12,2,"0000-12-02",337
"1070","Chicago","USW00014819",33.1,"Dec",12,3,"0000-12-03",338
"1071","Chicago","USW00014819",32.7,"Dec",12,4,"0000-12-04",339
"1072","Chicago","USW00014819",32.2,"Dec",12,5,"0000-12-05",340
"1073","Chicago","USW00014819",31.8,"Dec",12,6,"0000-12-06",341
"1074","Chicago","USW00014819",31.5,"Dec",12,7,"0000-12-07",342
"1075","Chicago","USW00014819",31.1,"Dec",12,8,"0000-12-08",343
"1076","Chicago","USW00014819",30.7,"Dec",12,9,"0000-12-09",344
"1077","Chicago","USW00014819",30.4,"Dec",12,10,"0000-12-10",345
"1078","Chicago","USW00014819",30,"Dec",12,11,"0000-12-11",346
"1079","Chicago","USW00014819",29.7,"Dec",12,12,"0000-12-12",347
"1080","Chicago","USW00014819",29.4,"Dec",12,13,"0000-12-13",348
"1081","Chicago","USW00014819",29.1,"Dec",12,14,"0000-12-14",349
"1082","Chicago","USW00014819",28.8,"Dec",12,15,"0000-12-15",350
"1083","Chicago","USW00014819",28.5,"Dec",12,16,"0000-12-16",351
"1084","Chicago","USW00014819",28.3,"Dec",12,17,"0000-12-17",352
"1085","Chicago","USW00014819",28,"Dec",12,18,"0000-12-18",353
"1086","Chicago","USW00014819",27.8,"Dec",12,19,"0000-12-19",354
"1087","Chicago","USW00014819",27.6,"Dec",12,20,"0000-12-20",355
"1088","Chicago","USW00014819",27.3,"Dec",12,21,"0000-12-21",356
"1089","Chicago","USW00014819",27.1,"Dec",12,22,"0000-12-22",357
"1090","Chicago","USW00014819",26.9,"Dec",12,23,"0000-12-23",358
"1091","Chicago","USW00014819",26.7,"Dec",12,24,"0000-12-24",359
"1092","Chicago","USW00014819",26.6,"Dec",12,25,"0000-12-25",360
"1093","Chicago","USW00014819",26.4,"Dec",12,26,"0000-12-26",361
"1094","Chicago","USW00014819",26.2,"Dec",12,27,"0000-12-27",362
"1095","Chicago","USW00014819",26.1,"Dec",12,28,"0000-12-28",363
"1096","Chicago","USW00014819",26,"Dec",12,29,"0000-12-29",364
"1097","Chicago","USW00014819",25.8,"Dec",12,30,"0000-12-30",365
"1098","Chicago","USW00014819",25.7,"Dec",12,31,"0000-12-31",366
"1099","San Diego","USW00093107",55.2,"Jan",1,1,"0000-01-01",1
"1100","San Diego","USW00093107",55.3,"Jan",1,2,"0000-01-02",2
"1101","San Diego","USW00093107",55.3,"Jan",1,3,"0000-01-03",3
"1102","San Diego","USW00093107",55.4,"Jan",1,4,"0000-01-04",4
"1103","San Diego","USW00093107",55.4,"Jan",1,5,"0000-01-05",5
"1104","San Diego","USW00093107",55.5,"Jan",1,6,"0000-01-06",6
"1105","San Diego","USW00093107",55.5,"Jan",1,7,"0000-01-07",7
"1106","San Diego","USW00093107",55.6,"Jan",1,8,"0000-01-08",8
"1107","San Diego","USW00093107",55.6,"Jan",1,9,"0000-01-09",9
"1108","San Diego","USW00093107",55.7,"Jan",1,10,"0000-01-10",10
"1109","San Diego","USW00093107",55.7,"Jan",1,11,"0000-01-11",11
"1110","San Diego","USW00093107",55.8,"Jan",1,12,"0000-01-12",12
"1111","San Diego","USW00093107",55.8,"Jan",1,13,"0000-01-13",13
"1112","San Diego","USW00093107",55.9,"Jan",1,14,"0000-01-14",14
"1113","San Diego","USW00093107",55.9,"Jan",1,15,"0000-01-15",15
"1114","San Diego","USW00093107",55.9,"Jan",1,16,"0000-01-16",16
"1115","San Diego","USW00093107",56,"Jan",1,17,"0000-01-17",17
"1116","San Diego","USW00093107",56,"Jan",1,18,"0000-01-18",18
"1117","San Diego","USW00093107",56,"Jan",1,19,"0000-01-19",19
"1118","San Diego","USW00093107",56,"Jan",1,20,"0000-01-20",20
"1119","San Diego","USW00093107",56.1,"Jan",1,21,"0000-01-21",21
"1120","San Diego","USW00093107",56.1,"Jan",1,22,"0000-01-22",22
"1121","San Diego","USW00093107",56.1,"Jan",1,23,"0000-01-23",23
"1122","San Diego","USW00093107",56.1,"Jan",1,24,"0000-01-24",24
"1123","San Diego","USW00093107",56.1,"Jan",1,25,"0000-01-25",25
"1124","San Diego","USW00093107",56.2,"Jan",1,26,"0000-01-26",26
"1125","San Diego","USW00093107",56.2,"Jan",1,27,"0000-01-27",27
"1126","San Diego","USW00093107",56.2,"Jan",1,28,"0000-01-28",28
"1127","San Diego","USW00093107",56.2,"Jan",1,29,"0000-01-29",29
"1128","San Diego","USW00093107",56.2,"Jan",1,30,"0000-01-30",30
"1129","San Diego","USW00093107",56.2,"Jan",1,31,"0000-01-31",31
"1130","San Diego","USW00093107",56.2,"Feb",2,1,"0000-02-01",32
"1131","San Diego","USW00093107",56.2,"Feb",2,2,"0000-02-02",33
"1132","San Diego","USW00093107",56.3,"Feb",2,3,"0000-02-03",34
"1133","San Diego","USW00093107",56.3,"Feb",2,4,"0000-02-04",35
"1134","San Diego","USW00093107",56.3,"Feb",2,5,"0000-02-05",36
"1135","San Diego","USW00093107",56.3,"Feb",2,6,"0000-02-06",37
"1136","San Diego","USW00093107",56.3,"Feb",2,7,"0000-02-07",38
"1137","San Diego","USW00093107",56.3,"Feb",2,8,"0000-02-08",39
"1138","San Diego","USW00093107",56.4,"Feb",2,9,"0000-02-09",40
"1139","San Diego","USW00093107",56.4,"Feb",2,10,"0000-02-10",41
"1140","San Diego","USW00093107",56.4,"Feb",2,11,"0000-02-11",42
"1141","San Diego","USW00093107",56.4,"Feb",2,12,"0000-02-12",43
"1142","San Diego","USW00093107",56.4,"Feb",2,13,"0000-02-13",44
"1143","San Diego","USW00093107",56.5,"Feb",2,14,"0000-02-14",45
"1144","San Diego","USW00093107",56.5,"Feb",2,15,"0000-02-15",46
"1145","San Diego","USW00093107",56.5,"Feb",2,16,"0000-02-16",47
"1146","San Diego","USW00093107",56.5,"Feb",2,17,"0000-02-17",48
"1147","San Diego","USW00093107",56.6,"Feb",2,18,"0000-02-18",49
"1148","San Diego","USW00093107",56.6,"Feb",2,19,"0000-02-19",50
"1149","San Diego","USW00093107",56.6,"Feb",2,20,"0000-02-20",51
"1150","San Diego","USW00093107",56.7,"Feb",2,21,"0000-02-21",52
"1151","San Diego","USW00093107",56.7,"Feb",2,22,"0000-02-22",53
"1152","San Diego","USW00093107",56.7,"Feb",2,23,"0000-02-23",54
"1153","San Diego","USW00093107",56.7,"Feb",2,24,"0000-02-24",55
"1154","San Diego","USW00093107",56.8,"Feb",2,25,"0000-02-25",56
"1155","San Diego","USW00093107",56.8,"Feb",2,26,"0000-02-26",57
"1156","San Diego","USW00093107",56.8,"Feb",2,27,"0000-02-27",58
"1157","San Diego","USW00093107",56.9,"Feb",2,28,"0000-02-28",59
"1158","San Diego","USW00093107",56.9,"Feb",2,29,"0000-02-29",60
"1159","San Diego","USW00093107",56.9,"Mar",3,1,"0000-03-01",61
"1160","San Diego","USW00093107",56.9,"Mar",3,2,"0000-03-02",62
"1161","San Diego","USW00093107",56.9,"Mar",3,3,"0000-03-03",63
"1162","San Diego","USW00093107",57,"Mar",3,4,"0000-03-04",64
"1163","San Diego","USW00093107",57,"Mar",3,5,"0000-03-05",65
"1164","San Diego","USW00093107",57,"Mar",3,6,"0000-03-06",66
"1165","San Diego","USW00093107",57,"Mar",3,7,"0000-03-07",67
"1166","San Diego","USW00093107",57.1,"Mar",3,8,"0000-03-08",68
"1167","San Diego","USW00093107",57.1,"Mar",3,9,"0000-03-09",69
"1168","San Diego","USW00093107",57.1,"Mar",3,10,"0000-03-10",70
"1169","San Diego","USW00093107",57.1,"Mar",3,11,"0000-03-11",71
"1170","San Diego","USW00093107",57.2,"Mar",3,12,"0000-03-12",72
"1171","San Diego","USW00093107",57.2,"Mar",3,13,"0000-03-13",73
"1172","San Diego","USW00093107",57.2,"Mar",3,14,"0000-03-14",74
"1173","San Diego","USW00093107",57.3,"Mar",3,15,"0000-03-15",75
"1174","San Diego","USW00093107",57.3,"Mar",3,16,"0000-03-16",76
"1175","San Diego","USW00093107",57.3,"Mar",3,17,"0000-03-17",77
"1176","San Diego","USW00093107",57.3,"Mar",3,18,"0000-03-18",78
"1177","San Diego","USW00093107",57.4,"Mar",3,19,"0000-03-19",79
"1178","San Diego","USW00093107",57.4,"Mar",3,20,"0000-03-20",80
"1179","San Diego","USW00093107",57.5,"Mar",3,21,"0000-03-21",81
"1180","San Diego","USW00093107",57.5,"Mar",3,22,"0000-03-22",82
"1181","San Diego","USW00093107",57.6,"Mar",3,23,"0000-03-23",83
"1182","San Diego","USW00093107",57.6,"Mar",3,24,"0000-03-24",84
"1183","San Diego","USW00093107",57.7,"Mar",3,25,"0000-03-25",85
"1184","San Diego","USW00093107",57.7,"Mar",3,26,"0000-03-26",86
"1185","San Diego","USW00093107",57.8,"Mar",3,27,"0000-03-27",87
"1186","San Diego","USW00093107",57.8,"Mar",3,28,"0000-03-28",88
"1187","San Diego","USW00093107",57.9,"Mar",3,29,"0000-03-29",89
"1188","San Diego","USW00093107",58,"Mar",3,30,"0000-03-30",90
"1189","San Diego","USW00093107",58.1,"Mar",3,31,"0000-03-31",91
"1190","San Diego","USW00093107",58.1,"Apr",4,1,"0000-04-01",92
"1191","San Diego","USW00093107",58.2,"Apr",4,2,"0000-04-02",93
"1192","San Diego","USW00093107",58.3,"Apr",4,3,"0000-04-03",94
"1193","San Diego","USW00093107",58.4,"Apr",4,4,"0000-04-04",95
"1194","San Diego","USW00093107",58.5,"Apr",4,5,"0000-04-05",96
"1195","San Diego","USW00093107",58.6,"Apr",4,6,"0000-04-06",97
"1196","San Diego","USW00093107",58.7,"Apr",4,7,"0000-04-07",98
"1197","San Diego","USW00093107",58.9,"Apr",4,8,"0000-04-08",99
"1198","San Diego","USW00093107",59,"Apr",4,9,"0000-04-09",100
"1199","San Diego","USW00093107",59.1,"Apr",4,10,"0000-04-10",101
"1200","San Diego","USW00093107",59.2,"Apr",4,11,"0000-04-11",102
"1201","San Diego","USW00093107",59.4,"Apr",4,12,"0000-04-12",103
"1202","San Diego","USW00093107",59.5,"Apr",4,13,"0000-04-13",104
"1203","San Diego","USW00093107",59.6,"Apr",4,14,"0000-04-14",105
"1204","San Diego","USW00093107",59.8,"Apr",4,15,"0000-04-15",106
"1205","San Diego","USW00093107",59.9,"Apr",4,16,"0000-04-16",107
"1206","San Diego","USW00093107",60.1,"Apr",4,17,"0000-04-17",108
"1207","San Diego","USW00093107",60.2,"Apr",4,18,"0000-04-18",109
"1208","San Diego","USW00093107",60.3,"Apr",4,19,"0000-04-19",110
"1209","San Diego","USW00093107",60.5,"Apr",4,20,"0000-04-20",111
"1210","San Diego","USW00093107",60.6,"Apr",4,21,"0000-04-21",112
"1211","San Diego","USW00093107",60.8,"Apr",4,22,"0000-04-22",113
"1212","San Diego","USW00093107",60.9,"Apr",4,23,"0000-04-23",114
"1213","San Diego","USW00093107",61.1,"Apr",4,24,"0000-04-24",115
"1214","San Diego","USW00093107",61.2,"Apr",4,25,"0000-04-25",116
"1215","San Diego","USW00093107",61.3,"Apr",4,26,"0000-04-26",117
"1216","San Diego","USW00093107",61.5,"Apr",4,27,"0000-04-27",118
"1217","San Diego","USW00093107",61.6,"Apr",4,28,"0000-04-28",119
"1218","San Diego","USW00093107",61.7,"Apr",4,29,"0000-04-29",120
"1219","San Diego","USW00093107",61.8,"Apr",4,30,"0000-04-30",121
"1220","San Diego","USW00093107",61.9,"May",5,1,"0000-05-01",122
"1221","San Diego","USW00093107",62.1,"May",5,2,"0000-05-02",123
"1222","San Diego","USW00093107",62.2,"May",5,3,"0000-05-03",124
"1223","San Diego","USW00093107",62.3,"May",5,4,"0000-05-04",125
"1224","San Diego","USW00093107",62.4,"May",5,5,"0000-05-05",126
"1225","San Diego","USW00093107",62.5,"May",5,6,"0000-05-06",127
"1226","San Diego","USW00093107",62.6,"May",5,7,"0000-05-07",128
"1227","San Diego","USW00093107",62.7,"May",5,8,"0000-05-08",129
"1228","San Diego","USW00093107",62.7,"May",5,9,"0000-05-09",130
"1229","San Diego","USW00093107",62.8,"May",5,10,"0000-05-10",131
"1230","San Diego","USW00093107",62.9,"May",5,11,"0000-05-11",132
"1231","San Diego","USW00093107",63,"May",5,12,"0000-05-12",133
"1232","San Diego","USW00093107",63,"May",5,13,"0000-05-13",134
"1233","San Diego","USW00093107",63.1,"May",5,14,"0000-05-14",135
"1234","San Diego","USW00093107",63.2,"May",5,15,"0000-05-15",136
"1235","San Diego","USW00093107",63.2,"May",5,16,"0000-05-16",137
"1236","San Diego","USW00093107",63.3,"May",5,17,"0000-05-17",138
"1237","San Diego","USW00093107",63.4,"May",5,18,"0000-05-18",139
"1238","San Diego","USW00093107",63.4,"May",5,19,"0000-05-19",140
"1239","San Diego","USW00093107",63.5,"May",5,20,"0000-05-20",141
"1240","San Diego","USW00093107",63.6,"May",5,21,"0000-05-21",142
"1241","San Diego","USW00093107",63.6,"May",5,22,"0000-05-22",143
"1242","San Diego","USW00093107",63.7,"May",5,23,"0000-05-23",144
"1243","San Diego","USW00093107",63.8,"May",5,24,"0000-05-24",145
"1244","San Diego","USW00093107",63.8,"May",5,25,"0000-05-25",146
"1245","San Diego","USW00093107",63.9,"May",5,26,"0000-05-26",147
"1246","San Diego","USW00093107",64,"May",5,27,"0000-05-27",148
"1247","San Diego","USW00093107",64,"May",5,28,"0000-05-28",149
"1248","San Diego","USW00093107",64.1,"May",5,29,"0000-05-29",150
"1249","San Diego","USW00093107",64.2,"May",5,30,"0000-05-30",151
"1250","San Diego","USW00093107",64.3,"May",5,31,"0000-05-31",152
"1251","San Diego","USW00093107",64.4,"Jun",6,1,"0000-06-01",153
"1252","San Diego","USW00093107",64.5,"Jun",6,2,"0000-06-02",154
"1253","San Diego","USW00093107",64.6,"Jun",6,3,"0000-06-03",155
"1254","San Diego","USW00093107",64.7,"Jun",6,4,"0000-06-04",156
"1255","San Diego","USW00093107",64.8,"Jun",6,5,"0000-06-05",157
"1256","San Diego","USW00093107",65,"Jun",6,6,"0000-06-06",158
"1257","San Diego","USW00093107",65.1,"Jun",6,7,"0000-06-07",159
"1258","San Diego","USW00093107",65.2,"Jun",6,8,"0000-06-08",160
"1259","San Diego","USW00093107",65.4,"Jun",6,9,"0000-06-09",161
"1260","San Diego","USW00093107",65.5,"Jun",6,10,"0000-06-10",162
"1261","San Diego","USW00093107",65.7,"Jun",6,11,"0000-06-11",163
"1262","San Diego","USW00093107",65.8,"Jun",6,12,"0000-06-12",164
"1263","San Diego","USW00093107",66,"Jun",6,13,"0000-06-13",165
"1264","San Diego","USW00093107",66.2,"Jun",6,14,"0000-06-14",166
"1265","San Diego","USW00093107",66.3,"Jun",6,15,"0000-06-15",167
"1266","San Diego","USW00093107",66.5,"Jun",6,16,"0000-06-16",168
"1267","San Diego","USW00093107",66.7,"Jun",6,17,"0000-06-17",169
"1268","San Diego","USW00093107",66.9,"Jun",6,18,"0000-06-18",170
"1269","San Diego","USW00093107",67.1,"Jun",6,19,"0000-06-19",171
"1270","San Diego","USW00093107",67.2,"Jun",6,20,"0000-06-20",172
"1271","San Diego","USW00093107",67.4,"Jun",6,21,"0000-06-21",173
"1272","San Diego","USW00093107",67.6,"Jun",6,22,"0000-06-22",174
"1273","San Diego","USW00093107",67.8,"Jun",6,23,"0000-06-23",175
"1274","San Diego","USW00093107",68,"Jun",6,24,"0000-06-24",176
"1275","San Diego","USW00093107",68.2,"Jun",6,25,"0000-06-25",177
"1276","San Diego","USW00093107",68.4,"Jun",6,26,"0000-06-26",178
"1277","San Diego","USW00093107",68.6,"Jun",6,27,"0000-06-27",179
"1278","San Diego","USW00093107",68.7,"Jun",6,28,"0000-06-28",180
"1279","San Diego","USW00093107",68.9,"Jun",6,29,"0000-06-29",181
"1280","San Diego","USW00093107",69.1,"Jun",6,30,"0000-06-30",182
"1281","San Diego","USW00093107",69.3,"Jul",7,1,"0000-07-01",183
"1282","San Diego","USW00093107",69.4,"Jul",7,2,"0000-07-02",184
"1283","San Diego","USW00093107",69.6,"Jul",7,3,"0000-07-03",185
"1284","San Diego","USW00093107",69.8,"Jul",7,4,"0000-07-04",186
"1285","San Diego","USW00093107",69.9,"Jul",7,5,"0000-07-05",187
"1286","San Diego","USW00093107",70.1,"Jul",7,6,"0000-07-06",188
"1287","San Diego","USW00093107",70.2,"Jul",7,7,"0000-07-07",189
"1288","San Diego","USW00093107",70.3,"Jul",7,8,"0000-07-08",190
"1289","San Diego","USW00093107",70.5,"Jul",7,9,"0000-07-09",191
"1290","San Diego","USW00093107",70.6,"Jul",7,10,"0000-07-10",192
"1291","San Diego","USW00093107",70.7,"Jul",7,11,"0000-07-11",193
"1292","San Diego","USW00093107",70.8,"Jul",7,12,"0000-07-12",194
"1293","San Diego","USW00093107",70.9,"Jul",7,13,"0000-07-13",195
"1294","San Diego","USW00093107",71.1,"Jul",7,14,"0000-07-14",196
"1295","San Diego","USW00093107",71.2,"Jul",7,15,"0000-07-15",197
"1296","San Diego","USW00093107",71.2,"Jul",7,16,"0000-07-16",198
"1297","San Diego","USW00093107",71.3,"Jul",7,17,"0000-07-17",199
"1298","San Diego","USW00093107",71.4,"Jul",7,18,"0000-07-18",200
"1299","San Diego","USW00093107",71.5,"Jul",7,19,"0000-07-19",201
"1300","San Diego","USW00093107",71.6,"Jul",7,20,"0000-07-20",202
"1301","San Diego","USW00093107",71.6,"Jul",7,21,"0000-07-21",203
"1302","San Diego","USW00093107",71.7,"Jul",7,22,"0000-07-22",204
"1303","San Diego","USW00093107",71.8,"Jul",7,23,"0000-07-23",205
"1304","San Diego","USW00093107",71.8,"Jul",7,24,"0000-07-24",206
"1305","San Diego","USW00093107",71.9,"Jul",7,25,"0000-07-25",207
"1306","San Diego","USW00093107",71.9,"Jul",7,26,"0000-07-26",208
"1307","San Diego","USW00093107",72,"Jul",7,27,"0000-07-27",209
"1308","San Diego","USW00093107",72,"Jul",7,28,"0000-07-28",210
"1309","San Diego","USW00093107",72.1,"Jul",7,29,"0000-07-29",211
"1310","San Diego","USW00093107",72.1,"Jul",7,30,"0000-07-30",212
"1311","San Diego","USW00093107",72.2,"Jul",7,31,"0000-07-31",213
"1312","San Diego","USW00093107",72.2,"Aug",8,1,"0000-08-01",214
"1313","San Diego","USW00093107",72.2,"Aug",8,2,"0000-08-02",215
"1314","San Diego","USW00093107",72.3,"Aug",8,3,"0000-08-03",216
"1315","San Diego","USW00093107",72.3,"Aug",8,4,"0000-08-04",217
"1316","San Diego","USW00093107",72.4,"Aug",8,5,"0000-08-05",218
"1317","San Diego","USW00093107",72.4,"Aug",8,6,"0000-08-06",219
"1318","San Diego","USW00093107",72.4,"Aug",8,7,"0000-08-07",220
"1319","San Diego","USW00093107",72.5,"Aug",8,8,"0000-08-08",221
"1320","San Diego","USW00093107",72.5,"Aug",8,9,"0000-08-09",222
"1321","San Diego","USW00093107",72.5,"Aug",8,10,"0000-08-10",223
"1322","San Diego","USW00093107",72.6,"Aug",8,11,"0000-08-11",224
"1323","San Diego","USW00093107",72.6,"Aug",8,12,"0000-08-12",225
"1324","San Diego","USW00093107",72.6,"Aug",8,13,"0000-08-13",226
"1325","San Diego","USW00093107",72.7,"Aug",8,14,"0000-08-14",227
"1326","San Diego","USW00093107",72.7,"Aug",8,15,"0000-08-15",228
"1327","San Diego","USW00093107",72.7,"Aug",8,16,"0000-08-16",229
"1328","San Diego","USW00093107",72.7,"Aug",8,17,"0000-08-17",230
"1329","San Diego","USW00093107",72.8,"Aug",8,18,"0000-08-18",231
"1330","San Diego","USW00093107",72.8,"Aug",8,19,"0000-08-19",232
"1331","San Diego","USW00093107",72.8,"Aug",8,20,"0000-08-20",233
"1332","San Diego","USW00093107",72.8,"Aug",8,21,"0000-08-21",234
"1333","San Diego","USW00093107",72.8,"Aug",8,22,"0000-08-22",235
"1334","San Diego","USW00093107",72.8,"Aug",8,23,"0000-08-23",236
"1335","San Diego","USW00093107",72.8,"Aug",8,24,"0000-08-24",237
"1336","San Diego","USW00093107",72.8,"Aug",8,25,"0000-08-25",238
"1337","San Diego","USW00093107",72.7,"Aug",8,26,"0000-08-26",239
"1338","San Diego","USW00093107",72.7,"Aug",8,27,"0000-08-27",240
"1339","San Diego","USW00093107",72.7,"Aug",8,28,"0000-08-28",241
"1340","San Diego","USW00093107",72.7,"Aug",8,29,"0000-08-29",242
"1341","San Diego","USW00093107",72.6,"Aug",8,30,"0000-08-30",243
"1342","San Diego","USW00093107",72.6,"Aug",8,31,"0000-08-31",244
"1343","San Diego","USW00093107",72.5,"Sep",9,1,"0000-09-01",245
"1344","San Diego","USW00093107",72.4,"Sep",9,2,"0000-09-02",246
"1345","San Diego","USW00093107",72.4,"Sep",9,3,"0000-09-03",247
"1346","San Diego","USW00093107",72.3,"Sep",9,4,"0000-09-04",248
"1347","San Diego","USW00093107",72.2,"Sep",9,5,"0000-09-05",249
"1348","San Diego","USW00093107",72.1,"Sep",9,6,"0000-09-06",250
"1349","San Diego","USW00093107",72,"Sep",9,7,"0000-09-07",251
"1350","San Diego","USW00093107",71.9,"Sep",9,8,"0000-09-08",252
"1351","San Diego","USW00093107",71.8,"Sep",9,9,"0000-09-09",253
"1352","San Diego","USW00093107",71.7,"Sep",9,10,"0000-09-10",254
"1353","San Diego","USW00093107",71.6,"Sep",9,11,"0000-09-11",255
"1354","San Diego","USW00093107",71.4,"Sep",9,12,"0000-09-12",256
"1355","San Diego","USW00093107",71.3,"Sep",9,13,"0000-09-13",257
"1356","San Diego","USW00093107",71.1,"Sep",9,14,"0000-09-14",258
"1357","San Diego","USW00093107",71,"Sep",9,15,"0000-09-15",259
"1358","San Diego","USW00093107",70.8,"Sep",9,16,"0000-09-16",260
"1359","San Diego","USW00093107",70.7,"Sep",9,17,"0000-09-17",261
"1360","San Diego","USW00093107",70.5,"Sep",9,18,"0000-09-18",262
"1361","San Diego","USW00093107",70.3,"Sep",9,19,"0000-09-19",263
"1362","San Diego","USW00093107",70.2,"Sep",9,20,"0000-09-20",264
"1363","San Diego","USW00093107",70,"Sep",9,21,"0000-09-21",265
"1364","San Diego","USW00093107",69.8,"Sep",9,22,"0000-09-22",266
"1365","San Diego","USW00093107",69.7,"Sep",9,23,"0000-09-23",267
"1366","San Diego","USW00093107",69.5,"Sep",9,24,"0000-09-24",268
"1367","San Diego","USW00093107",69.3,"Sep",9,25,"0000-09-25",269
"1368","San Diego","USW00093107",69.1,"Sep",9,26,"0000-09-26",270
"1369","San Diego","USW00093107",69,"Sep",9,27,"0000-09-27",271
"1370","San Diego","USW00093107",68.8,"Sep",9,28,"0000-09-28",272
"1371","San Diego","USW00093107",68.6,"Sep",9,29,"0000-09-29",273
"1372","San Diego","USW00093107",68.4,"Sep",9,30,"0000-09-30",274
"1373","San Diego","USW00093107",68.3,"Oct",10,1,"0000-10-01",275
"1374","San Diego","USW00093107",68.1,"Oct",10,2,"0000-10-02",276
"1375","San Diego","USW00093107",67.9,"Oct",10,3,"0000-10-03",277
"1376","San Diego","USW00093107",67.8,"Oct",10,4,"0000-10-04",278
"1377","San Diego","USW00093107",67.6,"Oct",10,5,"0000-10-05",279
"1378","San Diego","USW00093107",67.4,"Oct",10,6,"0000-10-06",280
"1379","San Diego","USW00093107",67.3,"Oct",10,7,"0000-10-07",281
"1380","San Diego","USW00093107",67.1,"Oct",10,8,"0000-10-08",282
"1381","San Diego","USW00093107",67,"Oct",10,9,"0000-10-09",283
"1382","San Diego","USW00093107",66.8,"Oct",10,10,"0000-10-10",284
"1383","San Diego","USW00093107",66.7,"Oct",10,11,"0000-10-11",285
"1384","San Diego","USW00093107",66.5,"Oct",10,12,"0000-10-12",286
"1385","San Diego","USW00093107",66.4,"Oct",10,13,"0000-10-13",287
"1386","San Diego","USW00093107",66.2,"Oct",10,14,"0000-10-14",288
"1387","San Diego","USW00093107",66.1,"Oct",10,15,"0000-10-15",289
"1388","San Diego","USW00093107",65.9,"Oct",10,16,"0000-10-16",290
"1389","San Diego","USW00093107",65.8,"Oct",10,17,"0000-10-17",291
"1390","San Diego","USW00093107",65.6,"Oct",10,18,"0000-10-18",292
"1391","San Diego","USW00093107",65.5,"Oct",10,19,"0000-10-19",293
"1392","San Diego","USW00093107",65.3,"Oct",10,20,"0000-10-20",294
"1393","San Diego","USW00093107",65.2,"Oct",10,21,"0000-10-21",295
"1394","San Diego","USW00093107",65,"Oct",10,22,"0000-10-22",296
"1395","San Diego","USW00093107",64.9,"Oct",10,23,"0000-10-23",297
"1396","San Diego","USW00093107",64.7,"Oct",10,24,"0000-10-24",298
"1397","San Diego","USW00093107",64.5,"Oct",10,25,"0000-10-25",299
"1398","San Diego","USW00093107",64.4,"Oct",10,26,"0000-10-26",300
"1399","San Diego","USW00093107",64.2,"Oct",10,27,"0000-10-27",301
"1400","San Diego","USW00093107",64,"Oct",10,28,"0000-10-28",302
"1401","San Diego","USW00093107",63.9,"Oct",10,29,"0000-10-29",303
"1402","San Diego","USW00093107",63.7,"Oct",10,30,"0000-10-30",304
"1403","San Diego","USW00093107",63.5,"Oct",10,31,"0000-10-31",305
"1404","San Diego","USW00093107",63.3,"Nov",11,1,"0000-11-01",306
"1405","San Diego","USW00093107",63.1,"Nov",11,2,"0000-11-02",307
"1406","San Diego","USW00093107",62.9,"Nov",11,3,"0000-11-03",308
"1407","San Diego","USW00093107",62.7,"Nov",11,4,"0000-11-04",309
"1408","San Diego","USW00093107",62.5,"Nov",11,5,"0000-11-05",310
"1409","San Diego","USW00093107",62.3,"Nov",11,6,"0000-11-06",311
"1410","San Diego","USW00093107",62,"Nov",11,7,"0000-11-07",312
"1411","San Diego","USW00093107",61.8,"Nov",11,8,"0000-11-08",313
"1412","San Diego","USW00093107",61.6,"Nov",11,9,"0000-11-09",314
"1413","San Diego","USW00093107",61.4,"Nov",11,10,"0000-11-10",315
"1414","San Diego","USW00093107",61.1,"Nov",11,11,"0000-11-11",316
"1415","San Diego","USW00093107",60.9,"Nov",11,12,"0000-11-12",317
"1416","San Diego","USW00093107",60.6,"Nov",11,13,"0000-11-13",318
"1417","San Diego","USW00093107",60.4,"Nov",11,14,"0000-11-14",319
"1418","San Diego","USW00093107",60.1,"Nov",11,15,"0000-11-15",320
"1419","San Diego","USW00093107",59.9,"Nov",11,16,"0000-11-16",321
"1420","San Diego","USW00093107",59.6,"Nov",11,17,"0000-11-17",322
"1421","San Diego","USW00093107",59.4,"Nov",11,18,"0000-11-18",323
"1422","San Diego","USW00093107",59.2,"Nov",11,19,"0000-11-19",324
"1423","San Diego","USW00093107",58.9,"Nov",11,20,"0000-11-20",325
"1424","San Diego","USW00093107",58.7,"Nov",11,21,"0000-11-21",326
"1425","San Diego","USW00093107",58.4,"Nov",11,22,"0000-11-22",327
"1426","San Diego","USW00093107",58.2,"Nov",11,23,"0000-11-23",328
"1427","San Diego","USW00093107",57.9,"Nov",11,24,"0000-11-24",329
"1428","San Diego","USW00093107",57.7,"Nov",11,25,"0000-11-25",330
"1429","San Diego","USW00093107",57.5,"Nov",11,26,"0000-11-26",331
"1430","San Diego","USW00093107",57.3,"Nov",11,27,"0000-11-27",332
"1431","San Diego","USW00093107",57.1,"Nov",11,28,"0000-11-28",333
"1432","San Diego","USW00093107",56.9,"Nov",11,29,"0000-11-29",334
"1433","San Diego","USW00093107",56.7,"Nov",11,30,"0000-11-30",335
"1434","San Diego","USW00093107",56.5,"Dec",12,1,"0000-12-01",336
"1435","San Diego","USW00093107",56.3,"Dec",12,2,"0000-12-02",337
"1436","San Diego","USW00093107",56.1,"Dec",12,3,"0000-12-03",338
"1437","San Diego","USW00093107",56,"Dec",12,4,"0000-12-04",339
"1438","San Diego","USW00093107",55.8,"Dec",12,5,"0000-12-05",340
"1439","San Diego","USW00093107",55.7,"Dec",12,6,"0000-12-06",341
"1440","San Diego","USW00093107",55.5,"Dec",12,7,"0000-12-07",342
"1441","San Diego","USW00093107",55.4,"Dec",12,8,"0000-12-08",343
"1442","San Diego","USW00093107",55.3,"Dec",12,9,"0000-12-09",344
"1443","San Diego","USW00093107",55.2,"Dec",12,10,"0000-12-10",345
"1444","San Diego","USW00093107",55.1,"Dec",12,11,"0000-12-11",346
"1445","San Diego","USW00093107",55,"Dec",12,12,"0000-12-12",347
"1446","San Diego","USW00093107",55,"Dec",12,13,"0000-12-13",348
"1447","San Diego","USW00093107",54.9,"Dec",12,14,"0000-12-14",349
"1448","San Diego","USW00093107",54.9,"Dec",12,15,"0000-12-15",350
"1449","San Diego","USW00093107",54.8,"Dec",12,16,"0000-12-16",351
"1450","San Diego","USW00093107",54.8,"Dec",12,17,"0000-12-17",352
"1451","San Diego","USW00093107",54.8,"Dec",12,18,"0000-12-18",353
"1452","San Diego","USW00093107",54.8,"Dec",12,19,"0000-12-19",354
"1453","San Diego","USW00093107",54.8,"Dec",12,20,"0000-12-20",355
"1454","San Diego","USW00093107",54.8,"Dec",12,21,"0000-12-21",356
"1455","San Diego","USW00093107",54.8,"Dec",12,22,"0000-12-22",357
"1456","San Diego","USW00093107",54.8,"Dec",12,23,"0000-12-23",358
"1457","San Diego","USW00093107",54.9,"Dec",12,24,"0000-12-24",359
"1458","San Diego","USW00093107",54.9,"Dec",12,25,"0000-12-25",360
"1459","San Diego","USW00093107",54.9,"Dec",12,26,"0000-12-26",361
"1460","San Diego","USW00093107",55,"Dec",12,27,"0000-12-27",362
"1461","San Diego","USW00093107",55,"Dec",12,28,"0000-12-28",363
"1462","San Diego","USW00093107",55.1,"Dec",12,29,"0000-12-29",364
"1463","San Diego","USW00093107",55.1,"Dec",12,30,"0000-12-30",365
"1464","San Diego","USW00093107",55.2,"Dec",12,31,"0000-12-31",366
